﻿<?xml version="1.0" encoding="utf-8"?>
<deployment>
  <id>6c2de553-ad8a-47e1-885d-52b815b2b840</id>
  <author>N/A</author>
  <deployer>OneDeploy</deployer>
  <authorEmail>N/A</authorEmail>
  <message>OneDeploy</message>
  <progress></progress>
  <status>Success</status>
  <statusText></statusText>
  <lastSuccessEndTime>2026-01-25T00:14:39.1338462Z</lastSuccessEndTime>
  <receivedTime>2026-01-25T00:12:25.6228195Z</receivedTime>
  <startTime>2026-01-25T00:12:27.0858412Z</startTime>
  <endTime>2026-01-25T00:14:39.1338462Z</endTime>
  <complete>True</complete>
  <is_temp>False</is_temp>
  <is_readonly>True</is_readonly>
  <buildSummary />
</deployment>