﻿<?xml version="1.0" encoding="utf-8"?>
<deployment>
  <id>c6530b06-61a5-4d7d-a7bd-357bafde12d2</id>
  <author>N/A</author>
  <deployer>OneDeploy</deployer>
  <authorEmail>N/A</authorEmail>
  <message>OneDeploy</message>
  <progress></progress>
  <status>Success</status>
  <statusText></statusText>
  <lastSuccessEndTime>2026-01-24T10:11:37.9541823Z</lastSuccessEndTime>
  <receivedTime>2026-01-24T10:09:41.6443346Z</receivedTime>
  <startTime>2026-01-24T10:09:43.1080853Z</startTime>
  <endTime>2026-01-24T10:11:37.9541823Z</endTime>
  <complete>True</complete>
  <is_temp>False</is_temp>
  <is_readonly>True</is_readonly>
  <buildSummary />
</deployment>