﻿<?xml version="1.0" encoding="utf-8"?>
<deployment>
  <id>4320c1d7-3130-489f-ac93-ed3e0f486809</id>
  <author>N/A</author>
  <deployer>OneDeploy</deployer>
  <authorEmail>N/A</authorEmail>
  <message>OneDeploy</message>
  <progress></progress>
  <status>Success</status>
  <statusText></statusText>
  <lastSuccessEndTime>2026-01-17T13:03:36.3366389Z</lastSuccessEndTime>
  <receivedTime>2026-01-17T13:01:32.8787481Z</receivedTime>
  <startTime>2026-01-17T13:01:34.2007097Z</startTime>
  <endTime>2026-01-17T13:03:36.3366389Z</endTime>
  <complete>True</complete>
  <is_temp>False</is_temp>
  <is_readonly>True</is_readonly>
  <buildSummary />
</deployment>