﻿<?xml version="1.0" encoding="utf-8"?>
<deployment>
  <id>972e23d7-fd29-4cfc-8ca4-03cbccdf119f</id>
  <author>N/A</author>
  <deployer>OneDeploy</deployer>
  <authorEmail>N/A</authorEmail>
  <message>OneDeploy</message>
  <progress></progress>
  <status>Success</status>
  <statusText></statusText>
  <lastSuccessEndTime>2026-01-23T14:39:16.4887454Z</lastSuccessEndTime>
  <receivedTime>2026-01-23T14:37:32.9248949Z</receivedTime>
  <startTime>2026-01-23T14:37:34.4517747Z</startTime>
  <endTime>2026-01-23T14:39:16.4887454Z</endTime>
  <complete>True</complete>
  <is_temp>False</is_temp>
  <is_readonly>True</is_readonly>
  <buildSummary />
</deployment>