<step title="Incoming Request" date="2026-01-20T17:12:11.397" instance="644818" url="/api/publish?type=zip" method="POST" type="request" pid="768,1,26" Accept="*/*" Host="investigates-api.scm.azurewebsites.net" User-Agent="AZURECLI/2.78.0 (HOMEBREW)" Accept-Encoding="gzip, deflate" Authorization="Bea..." Cache-Control="no-cache" Content-Type="application/octet-stream" Cookie="ARRAffinity=644818c0f7c6fe162cbfe986d6c3c34895ec19cbc74b8c6af9740bc1790bb1fe; ARRAffinitySameSite=644818c0f7c6fe162cbfe986d6c3c34895ec19cbc74b8c6af9740bc1790bb1fe" Content-Length="54659" x-ms-client-request-id="2307aec0-f623-11f0-a9cf-c6eea053c942" x-ms-artifact-checksum="c7528536fa2930dec2f067c3a967c6a54610f7ced383b874703e4356dc99430f" X-ARR-LOG-ID="2307aec0-f623-11f0-a9cf-c6eea053c942" CLIENT-IP="49.230.241.160:46148" X-SITE-DEPLOYMENT-ID="investigates-api" WAS-DEFAULT-HOSTNAME="investigates-api.scm.azurewebsites.net" X-Forwarded-Proto="https" X-AppService-Proto="https" X-Forwarded-TlsVersion="1.3" X-WAWS-Unencoded-URL="/api/publish?type=zip" X-Client-IP="49.230.241.160" X-Client-Port="46148" >
  <step title="OneDeploy" date="2026-01-20T17:12:11.459" >
    <step title="Starting PushDeployAsync" date="2026-01-20T17:12:11.528" /><!-- duration: 20ms -->
    <step title="Writing artifact to /tmp/zipdeploy/cbbb5055-e9e3-4c44-9258-d1c12d12029a.zip" date="2026-01-20T17:12:11.600" >
      <step title="Writing multipart request body to /tmp/zipdeploy/cbbb5055-e9e3-4c44-9258-d1c12d12029a.zip" date="2026-01-20T17:12:11.620" /><!-- duration: 20ms -->
    </step><!-- duration: 198ms -->
    <step title="Removing previous build artifact&apos;s manifest file" date="2026-01-20T17:12:11.821" >
      <step title="Attempting to fetch target branch HEAD" date="2026-01-20T17:12:11.911" /><!-- duration: 49ms -->
      <step title="Acquiring Deployment Lock" date="2026-01-20T17:12:11.981" /><!-- duration: 20ms -->
      <step title="Acquired Deployment Lock" date="2026-01-20T17:12:12.112" /><!-- duration: 21ms -->
      <step title="Performing fetch based deployment" date="2026-01-20T17:12:12.173" >
        <step title="Creating temporary deployment" date="2026-01-20T17:12:12.201" /><!-- duration: 211ms -->
        <step title="Releasing Deployment Lock" date="2026-01-20T17:12:13.829" /><!-- duration: 53ms -->
        <step title="Cleaning up temp folders from previous zip deployments and extracting pushed zip file /tmp/zipdeploy/cbbb5055-e9e3-4c44-9258-d1c12d12029a.zip (0.05 MB) to /tmp/zipdeploy/extracted" date="2026-01-20T17:12:14.041" >
          <step title="ChmodRecursive Process exited with total time taken in ms: 307" date="2026-01-20T17:12:14.700" /><!-- duration: 20ms -->
        </step><!-- duration: 770ms -->
        <step title="None repository commit" date="2026-01-20T17:12:14.841" >
          <step title="Commit id: e52ad502-0372-4071-93c7-f7ee4d6363eb" date="2026-01-20T17:12:14.869" Message="OneDeploy" AuthorName="N/A" AuthorEmail="N/A" /><!-- duration: 40ms -->
        </step><!-- duration: 79ms -->
        <step title="Deployment timer started" date="2026-01-20T17:12:16.992" >
          <step title="DeploymentManager.Deploy(id:e52ad502-0372-4071-93c7-f7ee4d6363eb)" date="2026-01-20T17:12:17.023" >
            <step title="Collecting changeset information" date="2026-01-20T17:12:17.075" /><!-- duration: 239ms -->
            <step title="Updating submodules" date="2026-01-20T17:12:17.385" /><!-- duration: 1404ms -->
            <step title="Determining deployment builder" date="2026-01-20T17:12:19.292" >
              <step title="Builder is OryxBuilder" date="2026-01-20T17:12:19.364" /><!-- duration: 18ms -->
            </step><!-- duration: 122ms -->
            <step title="PreDeployment: context.CleanOutputPath False" date="2026-01-20T17:12:19.576" >
              <step title="PreDeployment: context.OutputPath /home/site/wwwroot" date="2026-01-20T17:12:19.937" >
                <step title="Building" date="2026-01-20T17:12:20.230" >
                  <step title="Executing external process" date="2026-01-20T17:12:21.012" type="process" path="bash" arguments="-c &quot;oryx build /tmp/zipdeploy/extracted -o /home/site/wwwroot --platform python --platform-version 3.12 -p virtualenv_name=antenv --log-file /tmp/build-debug.log  -i /tmp/8de58471198e2fc --compress-destination-dir | tee /tmp/oryx-build.log ; exit $PIPESTATUS &quot;" /><!-- duration: 96686ms -->
                  <step title="Using PythonDeploymentLogParser" date="2026-01-20T17:13:58.306" /><!-- duration: 5ms -->
                  <step title="Modified file to trigger a restart of the app container." date="2026-01-20T17:14:00.186" /><!-- duration: 6ms -->
                  <step title="Skip function trigger and logicapp sync because function is not enabled." date="2026-01-20T17:14:00.197" /><!-- duration: 9ms -->
                  <step title="Purge deployment items" date="2026-01-20T17:14:01.620" >
                    <step title="Remove 4320c1d7-, Success, received at 01/17/2026 13:01:32" date="2026-01-20T17:14:01.848" /><!-- duration: 12ms -->
                  </step><!-- duration: 257ms -->
                </step><!-- duration: 101768ms -->
              </step><!-- duration: 102081ms -->
              <step title="Cleaning up temp files" date="2026-01-20T17:14:02.040" /><!-- duration: 2648ms -->
              <step title="Cleaning up temp files" date="2026-01-20T17:14:04.727" /><!-- duration: 740ms -->
              <step title="Reloading status file with latest updates" date="2026-01-20T17:14:05.535" >
                <step title="WebHooksManager.PublishEventAsync: PostDeployment" date="2026-01-20T17:14:05.539" /><!-- duration: 76ms -->
              </step><!-- duration: 84ms -->
              <step title="Cleaning up temporary deployment - fetch deployment was successful" date="2026-01-20T17:14:05.748" /><!-- duration: 7ms -->
            </step><!-- duration: 106543ms -->
          </step><!-- duration: 109107ms -->
          <step title="Outgoing response" date="2026-01-20T17:14:06.210" type="response" statusCode="200" statusText="OK" /><!-- duration: 21ms -->
        </step><!-- duration: 109256ms -->
