<step title="BackgroundTrace" date="2026-01-18T01:00:41.957" instance="644818" url="/api/publish" method="POST" >
  <step title="Creating temporary deployment - FetchDeploymentManager" date="2026-01-18T01:00:42.067" /><!-- duration: 4ms -->
  <step title="Creating temporary deployment" date="2026-01-18T01:00:42.077" /><!-- duration: 137ms -->
  <step title="Performing fetch based deployment" date="2026-01-18T01:00:42.290" >
    <step title="Cleaning up temp folders from previous zip deployments and extracting pushed zip file /tmp/zipdeploy/58e3a9a9-3c84-4ff1-a4c9-cb31ee0695c2.zip (0.04 MB) to /tmp/zipdeploy/extracted" date="2026-01-18T01:00:43.709" >
      <step title="ChmodRecursive Process exited with total time taken in ms: 117" date="2026-01-18T01:00:43.957" /><!-- duration: 11ms -->
    </step><!-- duration: 297ms -->
    <step title="Deployment timer started" date="2026-01-18T01:00:46.079" >
      <step title="DeploymentManager.Deploy(id:aebddfaa-38ae-4726-966d-538f4454cd1f)" date="2026-01-18T01:00:46.120" >
        <step title="Collecting changeset information" date="2026-01-18T01:00:46.166" /><!-- duration: 166ms -->
        <step title="Updating submodules" date="2026-01-18T01:00:46.340" /><!-- duration: 1171ms -->
        <step title="Determining deployment builder" date="2026-01-18T01:00:47.771" >
          <step title="Builder is OryxBuilder" date="2026-01-18T01:00:47.799" /><!-- duration: 5ms -->
        </step><!-- duration: 43ms -->
        <step title="PreDeployment: context.CleanOutputPath False" date="2026-01-18T01:00:47.883" >
          <step title="PreDeployment: context.OutputPath /home/site/wwwroot" date="2026-01-18T01:00:48.035" >
            <step title="Building" date="2026-01-18T01:00:48.304" >
              <step title="Executing external process" date="2026-01-18T01:00:48.708" type="process" path="bash" arguments="-c &quot;oryx build /tmp/zipdeploy/extracted -o /home/site/wwwroot --platform python --platform-version 3.12 -p virtualenv_name=antenv --log-file /tmp/build-debug.log  -i /tmp/8de562d0444bd3b --compress-destination-dir | tee /tmp/oryx-build.log ; exit $PIPESTATUS &quot;" /><!-- duration: 116062ms -->
              <step title="Using PythonDeploymentLogParser" date="2026-01-18T01:02:45.216" /><!-- duration: 6ms -->
              <step title="Modified file to trigger a restart of the app container." date="2026-01-18T01:02:46.585" /><!-- duration: 6ms -->
              <step title="Skip function trigger and logicapp sync because function is not enabled." date="2026-01-18T01:02:46.599" /><!-- duration: 18ms -->
              <step title="Purge deployment items" date="2026-01-18T01:02:48.368" >
                <step title="Remove 45ee6ddf-, Success, received at 01/08/2026 12:36:18" date="2026-01-18T01:02:48.448" /><!-- duration: 4ms -->
              </step><!-- duration: 89ms -->
            </step><!-- duration: 120239ms -->
          </step><!-- duration: 120514ms -->
          <step title="Cleaning up temp files" date="2026-01-18T01:02:48.553" /><!-- duration: 514ms -->
          <step title="Cleaning up temp files" date="2026-01-18T01:02:49.072" /><!-- duration: 507ms -->
          <step title="Reloading status file with latest updates" date="2026-01-18T01:02:49.609" >
            <step title="WebHooksManager.PublishEventAsync: PostDeployment" date="2026-01-18T01:02:49.613" /><!-- duration: 56ms -->
          </step><!-- duration: 65ms -->
          <step title="Cleaning up temporary deployment - fetch deployment was successful" date="2026-01-18T01:02:49.687" /><!-- duration: 5ms -->
        </step><!-- duration: 121857ms -->
      </step><!-- duration: 123640ms -->
