<step title="Incoming Request" date="2026-01-21T15:41:11.539" instance="644818" url="/api/deployments/latest?deployer=OneDeploy&amp;time=2026-01-21_15-39-49Z" method="GET" type="request" pid="771,1,7" Host="investigates-api.scm.azurewebsites.net" User-Agent="GITHUBACTIONS_DeployWebAppToAzure_632f2cf547ba8128d59e8a35d428f54ef36444e6743a1a4062ffdade880fce24" Authorization="Bea..." Content-Type="application/json; charset=utf-8" Cookie="ARRAffinity=644818c0f7c6fe162cbfe986d6c3c34895ec19cbc74b8c6af9740bc1790bb1fe;Path=/;HttpOnly;Secure;Domain=investigates-api.scm.azurewebsites.net; ARRAffinitySameSite=644818c0f7c6fe162cbfe986d6c3c34895ec19cbc74b8c6af9740bc1790bb1fe;Path=/;HttpOnly;SameSite=None;Secure;Domain=investigates-api.scm.azurewebsites.net" Content-Length="0" X-ARR-LOG-ID="c2134d9f-80f1-43fe-92b2-fc971b4074d5" CLIENT-IP="52.176.124.231:48130" X-SITE-DEPLOYMENT-ID="investigates-api" WAS-DEFAULT-HOSTNAME="investigates-api.scm.azurewebsites.net" X-Forwarded-Proto="https" X-AppService-Proto="https" X-Forwarded-TlsVersion="1.3" X-WAWS-Unencoded-URL="/api/deployments/latest?deployer=OneDeploy&amp;time=2026-01-21_15-39-49Z" X-Client-IP="52.176.124.231" X-Client-Port="48130" >
  <step title="Cleanup Xml Logs" date="2026-01-21T15:41:11.559" >
    <step title="Cleanup Infos" date="2026-01-21T15:41:11.660" totalFiles="438" totalCleanup="278" /><!-- duration: 9ms -->
  </step><!-- duration: 139ms -->
  <step title="DeploymentService.GetResult" date="2026-01-21T15:41:11.780" >
    <step title="DeploymentService.GetLatestDeployment" date="2026-01-21T15:41:11.818" >
      <step title="DeploymentManager.GetResults" date="2026-01-21T15:41:11.858" /><!-- duration: 1279ms -->
    </step><!-- duration: 1380ms -->
  </step><!-- duration: 1457ms -->
  <step title="Outgoing response" date="2026-01-21T15:41:13.267" type="response" statusCode="202" statusText="Accepted" /><!-- duration: 41ms -->
</step><!-- duration: 1808ms -->
