<step title="Incoming Request" date="2026-01-20T14:50:34.247" instance="644818" url="/api/deployments/latest?deployer=OneDeploy&amp;time=2026-01-20_14-49-08Z" method="GET" type="request" pid="768,1,87" Host="investigates-api.scm.azurewebsites.net" User-Agent="GITHUBACTIONS_DeployWebAppToAzure_632f2cf547ba8128d59e8a35d428f54ef36444e6743a1a4062ffdade880fce24" Authorization="Bea..." Content-Type="application/json; charset=utf-8" Cookie="ARRAffinity=644818c0f7c6fe162cbfe986d6c3c34895ec19cbc74b8c6af9740bc1790bb1fe;Path=/;HttpOnly;Secure;Domain=investigates-api.scm.azurewebsites.net; ARRAffinitySameSite=644818c0f7c6fe162cbfe986d6c3c34895ec19cbc74b8c6af9740bc1790bb1fe;Path=/;HttpOnly;SameSite=None;Secure;Domain=investigates-api.scm.azurewebsites.net" Content-Length="0" X-ARR-LOG-ID="3763a025-9785-4a53-93e1-0926d100099c" CLIENT-IP="135.232.216.49:16394" X-SITE-DEPLOYMENT-ID="investigates-api" WAS-DEFAULT-HOSTNAME="investigates-api.scm.azurewebsites.net" X-Forwarded-Proto="https" X-AppService-Proto="https" X-Forwarded-TlsVersion="1.3" X-WAWS-Unencoded-URL="/api/deployments/latest?deployer=OneDeploy&amp;time=2026-01-20_14-49-08Z" X-Client-IP="135.232.216.49" X-Client-Port="16394" >
  <step title="Cleanup Xml Logs" date="2026-01-20T14:50:34.268" >
    <step title="Cleanup Infos" date="2026-01-20T14:50:34.340" totalFiles="325" totalCleanup="165" /><!-- duration: 21ms -->
  </step><!-- duration: 113ms -->
  <step title="DeploymentService.GetResult" date="2026-01-20T14:50:34.410" >
    <step title="DeploymentService.GetLatestDeployment" date="2026-01-20T14:50:34.421" >
      <step title="DeploymentManager.GetResults" date="2026-01-20T14:50:34.432" /><!-- duration: 1117ms -->
    </step><!-- duration: 1158ms -->
  </step><!-- duration: 1208ms -->
  <step title="Outgoing response" date="2026-01-20T14:50:35.640" type="response" statusCode="202" statusText="Accepted" /><!-- duration: 21ms -->
</step><!-- duration: 1431ms -->
