<step title="Incoming Request" date="2026-01-20T16:15:24.992" instance="644818" url="/api/deployments/latest?deployer=OneDeploy&amp;time=2026-01-20_16-13-44Z" method="GET" type="request" pid="768,1,58" Host="investigates-api.scm.azurewebsites.net" User-Agent="GITHUBACTIONS_DeployWebAppToAzure_632f2cf547ba8128d59e8a35d428f54ef36444e6743a1a4062ffdade880fce24" Authorization="Bea..." Content-Type="application/json; charset=utf-8" Cookie="ARRAffinity=644818c0f7c6fe162cbfe986d6c3c34895ec19cbc74b8c6af9740bc1790bb1fe;Path=/;HttpOnly;Secure;Domain=investigates-api.scm.azurewebsites.net; ARRAffinitySameSite=644818c0f7c6fe162cbfe986d6c3c34895ec19cbc74b8c6af9740bc1790bb1fe;Path=/;HttpOnly;SameSite=None;Secure;Domain=investigates-api.scm.azurewebsites.net" Content-Length="0" X-ARR-LOG-ID="d9e2d9a4-efad-4943-97a9-5cdc8f8d01eb" CLIENT-IP="4.246.135.39:62530" X-SITE-DEPLOYMENT-ID="investigates-api" WAS-DEFAULT-HOSTNAME="investigates-api.scm.azurewebsites.net" X-Forwarded-Proto="https" X-AppService-Proto="https" X-Forwarded-TlsVersion="1.3" X-WAWS-Unencoded-URL="/api/deployments/latest?deployer=OneDeploy&amp;time=2026-01-20_16-13-44Z" X-Client-IP="4.246.135.39" X-Client-Port="62530" >
  <step title="Cleanup Xml Logs" date="2026-01-20T16:15:25.032" >
    <step title="Cleanup Infos" date="2026-01-20T16:15:25.049" totalFiles="347" totalCleanup="187" /><!-- duration: 10ms -->
  </step><!-- duration: 33ms -->
  <step title="DeploymentService.GetResult" date="2026-01-20T16:15:25.098" >
    <step title="DeploymentService.GetLatestDeployment" date="2026-01-20T16:15:25.101" >
      <step title="DeploymentManager.GetResults" date="2026-01-20T16:15:25.105" /><!-- duration: 1130ms -->
    </step><!-- duration: 1140ms -->
  </step><!-- duration: 1147ms -->
  <step title="Outgoing response" date="2026-01-20T16:15:26.255" type="response" statusCode="202" statusText="Accepted" /><!-- duration: 4ms -->
</step><!-- duration: 1271ms -->
