<step title="Incoming Request" date="2026-01-20T16:14:15.548" instance="644818" url="/api/deployments/latest?deployer=OneDeploy&amp;time=2026-01-20_16-13-44Z" method="GET" type="request" pid="768,1,53" Host="investigates-api.scm.azurewebsites.net" User-Agent="GITHUBACTIONS_DeployWebAppToAzure_632f2cf547ba8128d59e8a35d428f54ef36444e6743a1a4062ffdade880fce24" Authorization="Bea..." Content-Type="application/json; charset=utf-8" Cookie="ARRAffinity=644818c0f7c6fe162cbfe986d6c3c34895ec19cbc74b8c6af9740bc1790bb1fe;Path=/;HttpOnly;Secure;Domain=investigates-api.scm.azurewebsites.net; ARRAffinitySameSite=644818c0f7c6fe162cbfe986d6c3c34895ec19cbc74b8c6af9740bc1790bb1fe;Path=/;HttpOnly;SameSite=None;Secure;Domain=investigates-api.scm.azurewebsites.net" Content-Length="0" X-ARR-LOG-ID="084950d9-ead5-414b-b5df-3a4d5116f31b" CLIENT-IP="4.246.135.39:62528" X-SITE-DEPLOYMENT-ID="investigates-api" WAS-DEFAULT-HOSTNAME="investigates-api.scm.azurewebsites.net" X-Forwarded-Proto="https" X-AppService-Proto="https" X-Forwarded-TlsVersion="1.3" X-WAWS-Unencoded-URL="/api/deployments/latest?deployer=OneDeploy&amp;time=2026-01-20_16-13-44Z" X-Client-IP="4.246.135.39" X-Client-Port="62528" >
  <step title="Cleanup Xml Logs" date="2026-01-20T16:14:15.566" >
    <step title="Cleanup Infos" date="2026-01-20T16:14:15.607" totalFiles="338" totalCleanup="178" /><!-- duration: 21ms -->
  </step><!-- duration: 73ms -->
  <step title="DeploymentService.GetResult" date="2026-01-20T16:14:15.669" >
    <step title="DeploymentService.GetLatestDeployment" date="2026-01-20T16:14:15.689" >
      <step title="DeploymentManager.GetResults" date="2026-01-20T16:14:15.707" /><!-- duration: 1174ms -->
    </step><!-- duration: 1212ms -->
  </step><!-- duration: 1243ms -->
  <step title="Outgoing response" date="2026-01-20T16:14:16.921" type="response" statusCode="202" statusText="Accepted" /><!-- duration: 11ms -->
</step><!-- duration: 1396ms -->
