<step title="Incoming Request" date="2026-01-18T15:17:00.831" instance="644818" url="/api/deployments/latest?deployer=OneDeploy&amp;time=2026-01-18_15-15-24Z" method="GET" type="request" pid="768,1,69" Host="investigates-api.scm.azurewebsites.net" User-Agent="GITHUBACTIONS_DeployWebAppToAzure_632f2cf547ba8128d59e8a35d428f54ef36444e6743a1a4062ffdade880fce24" Authorization="Bea..." Content-Type="application/json; charset=utf-8" Cookie="ARRAffinity=644818c0f7c6fe162cbfe986d6c3c34895ec19cbc74b8c6af9740bc1790bb1fe;Path=/;HttpOnly;Secure;Domain=investigates-api.scm.azurewebsites.net; ARRAffinitySameSite=644818c0f7c6fe162cbfe986d6c3c34895ec19cbc74b8c6af9740bc1790bb1fe;Path=/;HttpOnly;SameSite=None;Secure;Domain=investigates-api.scm.azurewebsites.net" Content-Length="0" X-ARR-LOG-ID="caf9fa8f-5ea7-451c-b163-b76dbc35e82f" CLIENT-IP="52.176.124.225:42944" X-SITE-DEPLOYMENT-ID="investigates-api" WAS-DEFAULT-HOSTNAME="investigates-api.scm.azurewebsites.net" X-Forwarded-Proto="https" X-AppService-Proto="https" X-Forwarded-TlsVersion="1.3" X-WAWS-Unencoded-URL="/api/deployments/latest?deployer=OneDeploy&amp;time=2026-01-18_15-15-24Z" X-Client-IP="52.176.124.225" X-Client-Port="42944" >
  <step title="Cleanup Xml Logs" date="2026-01-18T15:17:00.841" >
    <step title="Cleanup Infos" date="2026-01-18T15:17:00.882" totalFiles="269" totalCleanup="109" /><!-- duration: 29ms -->
  </step><!-- duration: 80ms -->
  <step title="DeploymentService.GetResult" date="2026-01-18T15:17:00.951" >
    <step title="DeploymentService.GetLatestDeployment" date="2026-01-18T15:17:00.963" >
      <step title="DeploymentManager.GetResults" date="2026-01-18T15:17:00.974" /><!-- duration: 1805ms -->
    </step><!-- duration: 1886ms -->
  </step><!-- duration: 1920ms -->
  <step title="Outgoing response" date="2026-01-18T15:17:02.910" type="response" statusCode="202" statusText="Accepted" /><!-- duration: 11ms -->
</step><!-- duration: 2150ms -->
