<step title="Incoming Request" date="2026-01-21T15:40:48.514" instance="644818" url="/api/deployments/latest?deployer=OneDeploy&amp;time=2026-01-21_15-39-49Z" method="GET" type="request" pid="771,1,7" Host="investigates-api.scm.azurewebsites.net" User-Agent="GITHUBACTIONS_DeployWebAppToAzure_632f2cf547ba8128d59e8a35d428f54ef36444e6743a1a4062ffdade880fce24" Authorization="Bea..." Content-Type="application/json; charset=utf-8" Cookie="ARRAffinity=644818c0f7c6fe162cbfe986d6c3c34895ec19cbc74b8c6af9740bc1790bb1fe;Path=/;HttpOnly;Secure;Domain=investigates-api.scm.azurewebsites.net; ARRAffinitySameSite=644818c0f7c6fe162cbfe986d6c3c34895ec19cbc74b8c6af9740bc1790bb1fe;Path=/;HttpOnly;SameSite=None;Secure;Domain=investigates-api.scm.azurewebsites.net" Content-Length="0" X-ARR-LOG-ID="fd3bdb8d-c346-4f6b-aa2c-78b4cca724c8" CLIENT-IP="52.176.124.231:48128" X-SITE-DEPLOYMENT-ID="investigates-api" WAS-DEFAULT-HOSTNAME="investigates-api.scm.azurewebsites.net" X-Forwarded-Proto="https" X-AppService-Proto="https" X-Forwarded-TlsVersion="1.3" X-WAWS-Unencoded-URL="/api/deployments/latest?deployer=OneDeploy&amp;time=2026-01-21_15-39-49Z" X-Client-IP="52.176.124.231" X-Client-Port="48128" >
  <step title="Cleanup Xml Logs" date="2026-01-21T15:40:48.523" >
    <step title="Cleanup Infos" date="2026-01-21T15:40:48.591" totalFiles="435" totalCleanup="275" /><!-- duration: 30ms -->
  </step><!-- duration: 120ms -->
  <step title="DeploymentService.GetResult" date="2026-01-21T15:40:48.692" >
    <step title="DeploymentService.GetLatestDeployment" date="2026-01-21T15:40:48.702" >
      <step title="DeploymentManager.GetResults" date="2026-01-21T15:40:48.713" /><!-- duration: 1135ms -->
    </step><!-- duration: 1194ms -->
  </step><!-- duration: 1224ms -->
  <step title="Outgoing response" date="2026-01-21T15:40:49.947" type="response" statusCode="202" statusText="Accepted" /><!-- duration: 21ms -->
</step><!-- duration: 1464ms -->
