<step title="BackgroundTrace" date="2026-01-08T14:09:56.720" instance="644818" url="/api/publish" method="POST" >
  <step title="Creating temporary deployment - FetchDeploymentManager" date="2026-01-08T14:09:56.787" /><!-- duration: 3ms -->
  <step title="Creating temporary deployment" date="2026-01-08T14:09:56.795" /><!-- duration: 89ms -->
  <step title="Performing fetch based deployment" date="2026-01-08T14:09:56.918" >
    <step title="Cleaning up temp folders from previous zip deployments and extracting pushed zip file /tmp/zipdeploy/cb391db1-390d-4fc2-a2c5-0ce88af394f7.zip (0.03 MB) to /tmp/zipdeploy/extracted" date="2026-01-08T14:09:58.296" >
      <step title="ChmodRecursive Process exited with total time taken in ms: 131" date="2026-01-08T14:09:58.570" /><!-- duration: 4ms -->
    </step><!-- duration: 289ms -->
    <step title="Deployment timer started" date="2026-01-08T14:10:00.596" >
      <step title="DeploymentManager.Deploy(id:eb67563f-6286-4bdf-adce-3598d0383146)" date="2026-01-08T14:10:00.616" >
        <step title="Collecting changeset information" date="2026-01-08T14:10:00.652" /><!-- duration: 128ms -->
        <step title="Updating submodules" date="2026-01-08T14:10:00.787" /><!-- duration: 1199ms -->
        <step title="Determining deployment builder" date="2026-01-08T14:10:02.409" >
          <step title="Builder is OryxBuilder" date="2026-01-08T14:10:02.500" /><!-- duration: 40ms -->
        </step><!-- duration: 177ms -->
        <step title="PreDeployment: context.CleanOutputPath False" date="2026-01-08T14:10:02.928" >
          <step title="PreDeployment: context.OutputPath /home/site/wwwroot" date="2026-01-08T14:10:03.493" >
            <step title="Building" date="2026-01-08T14:10:04.014" >
              <step title="Executing external process" date="2026-01-08T14:10:05.421" type="process" path="bash" arguments="-c &quot;oryx build /tmp/zipdeploy/extracted -o /home/site/wwwroot --platform python --platform-version 3.12 -p virtualenv_name=antenv --log-file /tmp/build-debug.log  -i /tmp/8de4ebf9dd4faaa --compress-destination-dir | tee /tmp/oryx-build.log ; exit $PIPESTATUS &quot;" /><!-- duration: 82941ms -->
              <step title="Using PythonDeploymentLogParser" date="2026-01-08T14:11:28.759" /><!-- duration: 8ms -->
              <step title="Modified file to trigger a restart of the app container." date="2026-01-08T14:11:29.897" /><!-- duration: 6ms -->
              <step title="Skip function trigger and logicapp sync because function is not enabled." date="2026-01-08T14:11:29.909" /><!-- duration: 18ms -->
            </step><!-- duration: 86799ms -->
          </step><!-- duration: 87328ms -->
          <step title="Cleaning up temp files" date="2026-01-08T14:11:30.825" /><!-- duration: 432ms -->
          <step title="Cleaning up temp files" date="2026-01-08T14:11:31.263" /><!-- duration: 510ms -->
          <step title="Reloading status file with latest updates" date="2026-01-08T14:11:31.865" >
            <step title="WebHooksManager.PublishEventAsync: PostDeployment" date="2026-01-08T14:11:31.874" /><!-- duration: 32ms -->
          </step><!-- duration: 45ms -->
          <step title="Cleaning up temporary deployment - fetch deployment was successful" date="2026-01-08T14:11:31.918" /><!-- duration: 4ms -->
        </step><!-- duration: 89060ms -->
      </step><!-- duration: 91390ms -->
