<step title="Incoming Request" date="2026-01-18T15:15:32.976" instance="644818" url="/api/deployments/latest?deployer=OneDeploy&amp;time=2026-01-18_15-15-24Z" method="GET" type="request" pid="768,1,35" Host="investigates-api.scm.azurewebsites.net" User-Agent="GITHUBACTIONS_DeployWebAppToAzure_632f2cf547ba8128d59e8a35d428f54ef36444e6743a1a4062ffdade880fce24" Authorization="Bea..." Content-Type="application/json; charset=utf-8" Cookie="ARRAffinity=644818c0f7c6fe162cbfe986d6c3c34895ec19cbc74b8c6af9740bc1790bb1fe;Path=/;HttpOnly;Secure;Domain=investigates-api.scm.azurewebsites.net; ARRAffinitySameSite=644818c0f7c6fe162cbfe986d6c3c34895ec19cbc74b8c6af9740bc1790bb1fe;Path=/;HttpOnly;SameSite=None;Secure;Domain=investigates-api.scm.azurewebsites.net" Content-Length="0" X-ARR-LOG-ID="55fcc870-2ecc-4d9c-a3fd-5807f7d4870d" CLIENT-IP="52.176.124.225:42945" X-SITE-DEPLOYMENT-ID="investigates-api" WAS-DEFAULT-HOSTNAME="investigates-api.scm.azurewebsites.net" X-Forwarded-Proto="https" X-AppService-Proto="https" X-Forwarded-TlsVersion="1.3" X-WAWS-Unencoded-URL="/api/deployments/latest?deployer=OneDeploy&amp;time=2026-01-18_15-15-24Z" X-Client-IP="52.176.124.225" X-Client-Port="42945" >
  <step title="Cleanup Xml Logs" date="2026-01-18T15:15:32.980" >
    <step title="Cleanup Infos" date="2026-01-18T15:15:32.997" totalFiles="258" totalCleanup="98" /><!-- duration: 8ms -->
  </step><!-- duration: 29ms -->
  <step title="DeploymentService.GetResult" date="2026-01-18T15:15:33.020" >
    <step title="DeploymentService.GetLatestDeployment" date="2026-01-18T15:15:33.025" >
      <step title="DeploymentManager.GetResults" date="2026-01-18T15:15:33.031" /><!-- duration: 813ms -->
    </step><!-- duration: 824ms -->
  </step><!-- duration: 835ms -->
  <step title="Outgoing response" date="2026-01-18T15:15:33.860" type="response" statusCode="202" statusText="Accepted" /><!-- duration: 5ms -->
</step><!-- duration: 894ms -->
