<step title="Incoming Request" date="2026-01-18T15:15:23.005" instance="644818" url="/api/publish?async=true&amp;deployer=GITHUB_ONE_DEPLOY&amp;type=zip&amp;message=%7B%22type%22%3A%22deployment%22%2C%22sha%22%3A%2216a49b081b42e82afb8fd5885c5f15d1f992e31d%22%2C%22repoName%22%3A%22autthapolsaiyat%2Finvestigates%22%2C%22actor%22%3A%22autthapolsaiyat%22%2C%22slotName%22%3A%22production%22%2C%22commitMessage%22%3A%22feat%3A%20add%20registration%20%26%20subscription%20system%22%7D" method="POST" type="request" pid="768,1,73" Host="investigates-api.scm.azurewebsites.net" User-Agent="GITHUBACTIONS_DeployWebAppToAzure_632f2cf547ba8128d59e8a35d428f54ef36444e6743a1a4062ffdade880fce24" Authorization="Bea..." Content-Type="application/octet-stream" Cookie="ARRAffinity=644818c0f7c6fe162cbfe986d6c3c34895ec19cbc74b8c6af9740bc1790bb1fe;Path=/;HttpOnly;Secure;Domain=investigates-api.scm.azurewebsites.net; ARRAffinitySameSite=644818c0f7c6fe162cbfe986d6c3c34895ec19cbc74b8c6af9740bc1790bb1fe;Path=/;HttpOnly;SameSite=None;Secure;Domain=investigates-api.scm.azurewebsites.net" Transfer-Encoding="chunked" X-ARR-LOG-ID="1eb7852a-6c11-47ed-b7d7-fc27f97c8170" CLIENT-IP="52.176.124.225:42944" X-SITE-DEPLOYMENT-ID="investigates-api" WAS-DEFAULT-HOSTNAME="investigates-api.scm.azurewebsites.net" X-Forwarded-Proto="https" X-AppService-Proto="https" X-Forwarded-TlsVersion="1.3" X-WAWS-Unencoded-URL="/api/publish?async=true&amp;deployer=GITHUB_ONE_DEPLOY&amp;type=zip&amp;message=%7B%22type%22%3A%22deployment%22%2C%22sha%22%3A%2216a49b081b42e82afb8fd5885c5f15d1f992e31d%22%2C%22repoName%22%3A%22autthapolsaiyat%2Finvestigates%22%2C%22actor%22%3A%22autthapolsaiyat%22%2C%22slotName%22%3A%22production%22%2C%22commitMessage%22%3A%22feat%3A%20add%20registration%20%26%20subscription%20system%22%7D" X-Client-IP="52.176.124.225" X-Client-Port="42944" >
  <step title="OneDeploy" date="2026-01-18T15:15:23.099" >
    <step title="Starting PushDeployAsync" date="2026-01-18T15:15:23.203" /><!-- duration: 9ms -->
    <step title="Writing artifact to /tmp/zipdeploy/11a5905e-9500-4b06-a056-434d6c43c710.zip" date="2026-01-18T15:15:23.229" >
      <step title="Writing multipart request body to /tmp/zipdeploy/11a5905e-9500-4b06-a056-434d6c43c710.zip" date="2026-01-18T15:15:23.234" /><!-- duration: 5ms -->
    </step><!-- duration: 344ms -->
    <step title="Removing previous build artifact&apos;s manifest file" date="2026-01-18T15:15:23.583" >
      <step title="Start deployment in the background" date="2026-01-18T15:15:23.760" >
        <step title="Acquiring Deployment Lock" date="2026-01-18T15:15:23.799" /><!-- duration: 4ms -->
        <step title="Acquired Deployment Lock" date="2026-01-18T15:15:23.849" /><!-- duration: 5ms -->
      </step><!-- duration: 233ms -->
    </step><!-- duration: 431ms -->
    <step title="Outgoing response" date="2026-01-18T15:15:24.023" type="response" statusCode="202" statusText="Accepted" /><!-- duration: 8ms -->
  </step><!-- duration: 936ms -->
