<step title="Incoming Request" date="2026-01-08T15:36:36.443" instance="644818" url="/api/publish?async=true&amp;deployer=GITHUB_ONE_DEPLOY&amp;type=zip&amp;message=%7B%22type%22%3A%22deployment%22%2C%22sha%22%3A%22b4fa81d5acbdc0d10b70f94f99043464b621598f%22%2C%22repoName%22%3A%22autthapolsaiyat%2Finvestigates%22%2C%22actor%22%3A%22autthapolsaiyat%22%2C%22slotName%22%3A%22production%22%2C%22commitMessage%22%3A%22fix%3A%20backend%20bugs%20-%20JWT%20sub%20as%20string%2C%20pymssql%20driver%22%7D" method="POST" type="request" pid="768,1,18" Host="investigates-api.scm.azurewebsites.net" User-Agent="GITHUBACTIONS_DeployWebAppToAzure_632f2cf547ba8128d59e8a35d428f54ef36444e6743a1a4062ffdade880fce24" Authorization="Bea..." Content-Type="application/octet-stream" Cookie="ARRAffinity=644818c0f7c6fe162cbfe986d6c3c34895ec19cbc74b8c6af9740bc1790bb1fe;Path=/;HttpOnly;Secure;Domain=investigates-api.scm.azurewebsites.net; ARRAffinitySameSite=644818c0f7c6fe162cbfe986d6c3c34895ec19cbc74b8c6af9740bc1790bb1fe;Path=/;HttpOnly;SameSite=None;Secure;Domain=investigates-api.scm.azurewebsites.net" Transfer-Encoding="chunked" X-ARR-LOG-ID="58cd9e21-9cd6-4acb-9973-381744dc973c" CLIENT-IP="104.209.5.151:25648" X-SITE-DEPLOYMENT-ID="investigates-api" WAS-DEFAULT-HOSTNAME="investigates-api.scm.azurewebsites.net" X-Forwarded-Proto="https" X-AppService-Proto="https" X-Forwarded-TlsVersion="1.3" X-WAWS-Unencoded-URL="/api/publish?async=true&amp;deployer=GITHUB_ONE_DEPLOY&amp;type=zip&amp;message=%7B%22type%22%3A%22deployment%22%2C%22sha%22%3A%22b4fa81d5acbdc0d10b70f94f99043464b621598f%22%2C%22repoName%22%3A%22autthapolsaiyat%2Finvestigates%22%2C%22actor%22%3A%22autthapolsaiyat%22%2C%22slotName%22%3A%22production%22%2C%22commitMessage%22%3A%22fix%3A%20backend%20bugs%20-%20JWT%20sub%20as%20string%2C%20pymssql%20driver%22%7D" X-Client-IP="104.209.5.151" X-Client-Port="25648" >
  <step title="OneDeploy" date="2026-01-08T15:36:36.467" >
    <step title="Starting PushDeployAsync" date="2026-01-08T15:36:36.475" /><!-- duration: 6ms -->
    <step title="Writing artifact to /tmp/zipdeploy/a0060ef3-e9bf-4b20-a6f7-60577c90be7c.zip" date="2026-01-08T15:36:36.499" >
      <step title="Writing multipart request body to /tmp/zipdeploy/a0060ef3-e9bf-4b20-a6f7-60577c90be7c.zip" date="2026-01-08T15:36:36.503" /><!-- duration: 4ms -->
    </step><!-- duration: 50ms -->
    <step title="Removing previous build artifact&apos;s manifest file" date="2026-01-08T15:36:36.562" >
      <step title="Start deployment in the background" date="2026-01-08T15:36:36.572" >
        <step title="Acquiring Deployment Lock" date="2026-01-08T15:36:36.627" /><!-- duration: 11ms -->
        <step title="Acquired Deployment Lock" date="2026-01-08T15:36:36.690" /><!-- duration: 5ms -->
      </step><!-- duration: 251ms -->
    </step><!-- duration: 270ms -->
    <step title="Outgoing response" date="2026-01-08T15:36:36.839" type="response" statusCode="202" statusText="Accepted" /><!-- duration: 4ms -->
  </step><!-- duration: 379ms -->
