<step title="Incoming Request" date="2026-01-21T16:42:09.950" instance="644818" url="/api/deployments/latest?deployer=OneDeploy&amp;time=2026-01-21_16-42-00Z" method="GET" type="request" pid="771,1,32" Host="investigates-api.scm.azurewebsites.net" User-Agent="GITHUBACTIONS_DeployWebAppToAzure_632f2cf547ba8128d59e8a35d428f54ef36444e6743a1a4062ffdade880fce24" Authorization="Bea..." Content-Type="application/json; charset=utf-8" Cookie="ARRAffinity=644818c0f7c6fe162cbfe986d6c3c34895ec19cbc74b8c6af9740bc1790bb1fe;Path=/;HttpOnly;Secure;Domain=investigates-api.scm.azurewebsites.net; ARRAffinitySameSite=644818c0f7c6fe162cbfe986d6c3c34895ec19cbc74b8c6af9740bc1790bb1fe;Path=/;HttpOnly;SameSite=None;Secure;Domain=investigates-api.scm.azurewebsites.net" Content-Length="0" X-ARR-LOG-ID="46639d1d-8711-4cb6-a2c0-023f599dba9a" CLIENT-IP="135.232.232.33:40897" X-SITE-DEPLOYMENT-ID="investigates-api" WAS-DEFAULT-HOSTNAME="investigates-api.scm.azurewebsites.net" X-Forwarded-Proto="https" X-AppService-Proto="https" X-Forwarded-TlsVersion="1.3" X-WAWS-Unencoded-URL="/api/deployments/latest?deployer=OneDeploy&amp;time=2026-01-21_16-42-00Z" X-Client-IP="135.232.232.33" X-Client-Port="40897" >
  <step title="Cleanup Xml Logs" date="2026-01-21T16:42:09.970" >
    <step title="Cleanup Infos" date="2026-01-21T16:42:10.050" totalFiles="452" totalCleanup="292" /><!-- duration: 40ms -->
  </step><!-- duration: 163ms -->
  <step title="DeploymentService.GetResult" date="2026-01-21T16:42:10.194" >
    <step title="DeploymentService.GetLatestDeployment" date="2026-01-21T16:42:10.244" >
      <step title="DeploymentManager.GetResults" date="2026-01-21T16:42:10.394" /><!-- duration: 1415ms -->
    </step><!-- duration: 1598ms -->
  </step><!-- duration: 1666ms -->
  <step title="Outgoing response" date="2026-01-21T16:42:11.881" type="response" statusCode="202" statusText="Accepted" /><!-- duration: 11ms -->
</step><!-- duration: 1970ms -->
