<step title="Incoming Request" date="2026-01-20T14:49:23.881" instance="644818" url="/api/deployments/latest?deployer=OneDeploy&amp;time=2026-01-20_14-49-08Z" method="GET" type="request" pid="768,1,90" Host="investigates-api.scm.azurewebsites.net" User-Agent="GITHUBACTIONS_DeployWebAppToAzure_632f2cf547ba8128d59e8a35d428f54ef36444e6743a1a4062ffdade880fce24" Authorization="Bea..." Content-Type="application/json; charset=utf-8" Cookie="ARRAffinity=644818c0f7c6fe162cbfe986d6c3c34895ec19cbc74b8c6af9740bc1790bb1fe;Path=/;HttpOnly;Secure;Domain=investigates-api.scm.azurewebsites.net; ARRAffinitySameSite=644818c0f7c6fe162cbfe986d6c3c34895ec19cbc74b8c6af9740bc1790bb1fe;Path=/;HttpOnly;SameSite=None;Secure;Domain=investigates-api.scm.azurewebsites.net" Content-Length="0" X-ARR-LOG-ID="9323ccc0-4184-49fe-8ba2-5e72bd2c518b" CLIENT-IP="135.232.216.49:16392" X-SITE-DEPLOYMENT-ID="investigates-api" WAS-DEFAULT-HOSTNAME="investigates-api.scm.azurewebsites.net" X-Forwarded-Proto="https" X-AppService-Proto="https" X-Forwarded-TlsVersion="1.3" X-WAWS-Unencoded-URL="/api/deployments/latest?deployer=OneDeploy&amp;time=2026-01-20_14-49-08Z" X-Client-IP="135.232.216.49" X-Client-Port="16392" >
  <step title="Cleanup Xml Logs" date="2026-01-20T14:49:23.909" >
    <step title="Cleanup Infos" date="2026-01-20T14:49:23.961" totalFiles="316" totalCleanup="156" /><!-- duration: 31ms -->
  </step><!-- duration: 114ms -->
  <step title="DeploymentService.GetResult" date="2026-01-20T14:49:24.062" >
    <step title="DeploymentService.GetLatestDeployment" date="2026-01-20T14:49:24.079" >
      <step title="DeploymentManager.GetResults" date="2026-01-20T14:49:24.109" /><!-- duration: 1251ms -->
    </step><!-- duration: 1305ms -->
  </step><!-- duration: 1349ms -->
  <step title="Outgoing response" date="2026-01-20T14:49:25.441" type="response" statusCode="202" statusText="Accepted" /><!-- duration: 11ms -->
</step><!-- duration: 1582ms -->
