<step title="Incoming Request" date="2026-01-21T14:46:19.894" instance="644818" url="/api/publish?type=zip" method="POST" type="request" pid="771,1,39" Accept="*/*" Host="investigates-api.scm.azurewebsites.net" User-Agent="AZURECLI/2.78.0 (HOMEBREW)" Accept-Encoding="gzip, deflate" Authorization="Bea..." Cache-Control="no-cache" Content-Type="application/octet-stream" Cookie="ARRAffinity=644818c0f7c6fe162cbfe986d6c3c34895ec19cbc74b8c6af9740bc1790bb1fe; ARRAffinitySameSite=644818c0f7c6fe162cbfe986d6c3c34895ec19cbc74b8c6af9740bc1790bb1fe" Content-Length="57667" x-ms-client-request-id="eb361454-f6d7-11f0-a9d4-c6eea053c942" x-ms-artifact-checksum="a21c8f06c53d101819689bc11cf94cb65829be9859cd98350d00afda3ecfa093" X-ARR-LOG-ID="eb361454-f6d7-11f0-a9d4-c6eea053c942" CLIENT-IP="49.230.241.153:58930" X-SITE-DEPLOYMENT-ID="investigates-api" WAS-DEFAULT-HOSTNAME="investigates-api.scm.azurewebsites.net" X-Forwarded-Proto="https" X-AppService-Proto="https" X-Forwarded-TlsVersion="1.3" X-WAWS-Unencoded-URL="/api/publish?type=zip" X-Client-IP="49.230.241.153" X-Client-Port="58930" >
  <step title="OneDeploy" date="2026-01-21T14:46:19.952" >
    <step title="Starting PushDeployAsync" date="2026-01-21T14:46:19.980" /><!-- duration: 22ms -->
    <step title="Writing artifact to /tmp/zipdeploy/8b269cea-b94a-44bf-a944-77f19ee0beb2.zip" date="2026-01-21T14:46:20.043" >
      <step title="Writing multipart request body to /tmp/zipdeploy/8b269cea-b94a-44bf-a944-77f19ee0beb2.zip" date="2026-01-21T14:46:20.061" /><!-- duration: 12ms -->
    </step><!-- duration: 94ms -->
    <step title="Removing previous build artifact&apos;s manifest file" date="2026-01-21T14:46:20.145" >
      <step title="Attempting to fetch target branch HEAD" date="2026-01-21T14:46:20.172" /><!-- duration: 5ms -->
      <step title="Acquiring Deployment Lock" date="2026-01-21T14:46:20.184" /><!-- duration: 12ms -->
      <step title="Acquired Deployment Lock" date="2026-01-21T14:46:20.226" /><!-- duration: 4ms -->
      <step title="Performing fetch based deployment" date="2026-01-21T14:46:20.241" >
        <step title="Creating temporary deployment" date="2026-01-21T14:46:20.246" /><!-- duration: 52ms -->
        <step title="Releasing Deployment Lock" date="2026-01-21T14:46:21.477" /><!-- duration: 7ms -->
        <step title="Cleaning up temp folders from previous zip deployments and extracting pushed zip file /tmp/zipdeploy/8b269cea-b94a-44bf-a944-77f19ee0beb2.zip (0.05 MB) to /tmp/zipdeploy/extracted" date="2026-01-21T14:46:21.519" >
          <step title="ChmodRecursive Process exited with total time taken in ms: 284" date="2026-01-21T14:46:21.904" /><!-- duration: 48ms -->
        </step><!-- duration: 446ms -->
        <step title="None repository commit" date="2026-01-21T14:46:21.994" >
          <step title="Commit id: 14280740-2511-40fd-ac43-586b69a07e78" date="2026-01-21T14:46:22.014" Message="OneDeploy" AuthorName="N/A" AuthorEmail="N/A" /><!-- duration: 19ms -->
        </step><!-- duration: 51ms -->
        <step title="Deployment timer started" date="2026-01-21T14:46:24.058" >
          <step title="DeploymentManager.Deploy(id:14280740-2511-40fd-ac43-586b69a07e78)" date="2026-01-21T14:46:24.065" >
            <step title="Collecting changeset information" date="2026-01-21T14:46:24.080" /><!-- duration: 114ms -->
            <step title="Updating submodules" date="2026-01-21T14:46:24.200" /><!-- duration: 1132ms -->
            <step title="Determining deployment builder" date="2026-01-21T14:46:25.583" >
              <step title="Builder is OryxBuilder" date="2026-01-21T14:46:25.598" /><!-- duration: 5ms -->
            </step><!-- duration: 24ms -->
            <step title="PreDeployment: context.CleanOutputPath False" date="2026-01-21T14:46:25.677" >
              <step title="PreDeployment: context.OutputPath /home/site/wwwroot" date="2026-01-21T14:46:25.831" >
                <step title="Building" date="2026-01-21T14:46:25.986" >
                  <step title="Executing external process" date="2026-01-21T14:46:26.357" type="process" path="bash" arguments="-c &quot;oryx build /tmp/zipdeploy/extracted -o /home/site/wwwroot --platform python --platform-version 3.12 -p virtualenv_name=antenv --log-file /tmp/build-debug.log  -i /tmp/8de58fbda53c1f8 --compress-destination-dir | tee /tmp/oryx-build.log ; exit $PIPESTATUS &quot;" /><!-- duration: 116405ms -->
                  <step title="Using PythonDeploymentLogParser" date="2026-01-21T14:48:23.182" /><!-- duration: 4ms -->
                  <step title="Modified file to trigger a restart of the app container." date="2026-01-21T14:48:24.435" /><!-- duration: 5ms -->
                  <step title="Skip function trigger and logicapp sync because function is not enabled." date="2026-01-21T14:48:24.447" /><!-- duration: 5ms -->
                  <step title="Purge deployment items" date="2026-01-21T14:48:25.504" >
                    <step title="Remove 5cad18b8-, Success, received at 01/20/2026 14:49:12" date="2026-01-21T14:48:25.562" /><!-- duration: 4ms -->
                  </step><!-- duration: 67ms -->
                </step><!-- duration: 119658ms -->
              </step><!-- duration: 119819ms -->
              <step title="Cleaning up temp files" date="2026-01-21T14:48:25.653" /><!-- duration: 447ms -->
              <step title="Cleaning up temp files" date="2026-01-21T14:48:26.104" /><!-- duration: 515ms -->
              <step title="Reloading status file with latest updates" date="2026-01-21T14:48:26.668" >
                <step title="WebHooksManager.PublishEventAsync: PostDeployment" date="2026-01-21T14:48:26.672" /><!-- duration: 42ms -->
              </step><!-- duration: 50ms -->
              <step title="Cleaning up temporary deployment - fetch deployment was successful" date="2026-01-21T14:48:26.724" /><!-- duration: 4ms -->
            </step><!-- duration: 121103ms -->
          </step><!-- duration: 122724ms -->
          <step title="Outgoing response" date="2026-01-21T14:48:26.805" type="response" statusCode="200" statusText="OK" /><!-- duration: 4ms -->
        </step><!-- duration: 122755ms -->
