<step title="Incoming Request" date="2026-01-17T12:54:17.799" instance="644818" url="/api/publish?async=true&amp;deployer=GITHUB_ONE_DEPLOY&amp;type=zip&amp;message=%7B%22type%22%3A%22deployment%22%2C%22sha%22%3A%22d1a556bb195e8f957392b170cc0c57a518c5048d%22%2C%22repoName%22%3A%22autthapolsaiyat%2Finvestigates%22%2C%22actor%22%3A%22autthapolsaiyat%22%2C%22slotName%22%3A%22production%22%2C%22commitMessage%22%3A%22fix%3A%20init%20database%20on%20startup%22%7D" method="POST" type="request" pid="768,1,15" Host="investigates-api.scm.azurewebsites.net" User-Agent="GITHUBACTIONS_DeployWebAppToAzure_632f2cf547ba8128d59e8a35d428f54ef36444e6743a1a4062ffdade880fce24" Authorization="Bea..." Content-Type="application/octet-stream" Cookie="ARRAffinity=644818c0f7c6fe162cbfe986d6c3c34895ec19cbc74b8c6af9740bc1790bb1fe;Path=/;HttpOnly;Secure;Domain=investigates-api.scm.azurewebsites.net; ARRAffinitySameSite=644818c0f7c6fe162cbfe986d6c3c34895ec19cbc74b8c6af9740bc1790bb1fe;Path=/;HttpOnly;SameSite=None;Secure;Domain=investigates-api.scm.azurewebsites.net" Transfer-Encoding="chunked" X-ARR-LOG-ID="55e209c2-a67d-4a90-8571-c26aa97a3ca6" CLIENT-IP="172.184.211.18:5136" X-SITE-DEPLOYMENT-ID="investigates-api" WAS-DEFAULT-HOSTNAME="investigates-api.scm.azurewebsites.net" X-Forwarded-Proto="https" X-AppService-Proto="https" X-Forwarded-TlsVersion="1.3" X-WAWS-Unencoded-URL="/api/publish?async=true&amp;deployer=GITHUB_ONE_DEPLOY&amp;type=zip&amp;message=%7B%22type%22%3A%22deployment%22%2C%22sha%22%3A%22d1a556bb195e8f957392b170cc0c57a518c5048d%22%2C%22repoName%22%3A%22autthapolsaiyat%2Finvestigates%22%2C%22actor%22%3A%22autthapolsaiyat%22%2C%22slotName%22%3A%22production%22%2C%22commitMessage%22%3A%22fix%3A%20init%20database%20on%20startup%22%7D" X-Client-IP="172.184.211.18" X-Client-Port="5136" >
  <step title="OneDeploy" date="2026-01-17T12:54:18.046" >
    <step title="Starting PushDeployAsync" date="2026-01-17T12:54:18.100" /><!-- duration: 10ms -->
    <step title="Writing artifact to /tmp/zipdeploy/868b6b5d-32f7-4769-90b8-4fd34de3afc4.zip" date="2026-01-17T12:54:18.248" >
      <step title="Writing multipart request body to /tmp/zipdeploy/868b6b5d-32f7-4769-90b8-4fd34de3afc4.zip" date="2026-01-17T12:54:18.254" /><!-- duration: 5ms -->
    </step><!-- duration: 173ms -->
    <step title="Removing previous build artifact&apos;s manifest file" date="2026-01-17T12:54:18.454" >
      <step title="Start deployment in the background" date="2026-01-17T12:54:18.500" >
        <step title="Acquiring Deployment Lock" date="2026-01-17T12:54:18.534" /><!-- duration: 22ms -->
        <step title="Acquired Deployment Lock" date="2026-01-17T12:54:18.629" /><!-- duration: 11ms -->
      </step><!-- duration: 346ms -->
    </step><!-- duration: 419ms -->
    <step title="Outgoing response" date="2026-01-17T12:54:18.887" type="response" statusCode="202" statusText="Accepted" /><!-- duration: 6ms -->
  </step><!-- duration: 851ms -->
