<step title="Incoming Request" date="2026-01-21T09:27:01.547" instance="644818" url="/api/publish?type=zip" method="POST" type="request" pid="772,1,19" Accept="*/*" Host="investigates-api.scm.azurewebsites.net" User-Agent="AZURECLI/2.78.0 (HOMEBREW)" Accept-Encoding="gzip, deflate" Authorization="Bea..." Cache-Control="no-cache" Content-Type="application/octet-stream" Cookie="ARRAffinity=644818c0f7c6fe162cbfe986d6c3c34895ec19cbc74b8c6af9740bc1790bb1fe; ARRAffinitySameSite=644818c0f7c6fe162cbfe986d6c3c34895ec19cbc74b8c6af9740bc1790bb1fe" Content-Length="54662" x-ms-client-request-id="51dfda0a-f6ab-11f0-bef4-c6eea053c942" x-ms-artifact-checksum="c95a666a0b711ccc5425045b814280d78c7bb21193046bb7866d932eccfc79aa" X-ARR-LOG-ID="51dfda0a-f6ab-11f0-bef4-c6eea053c942" CLIENT-IP="49.230.240.23:41324" X-SITE-DEPLOYMENT-ID="investigates-api" WAS-DEFAULT-HOSTNAME="investigates-api.scm.azurewebsites.net" X-Forwarded-Proto="https" X-AppService-Proto="https" X-Forwarded-TlsVersion="1.3" X-WAWS-Unencoded-URL="/api/publish?type=zip" X-Client-IP="49.230.240.23" X-Client-Port="41324" >
  <step title="OneDeploy" date="2026-01-21T09:27:01.663" >
    <step title="None repository commit" date="2026-01-21T09:27:01.837" >
      <step title="Commit id: c7ff4f94-d733-4749-a1b2-e7c6002644fc" date="2026-01-21T09:27:01.866" Message="N/A" AuthorName="N/A" AuthorEmail="N/A" /><!-- duration: 18ms -->
    </step><!-- duration: 58ms -->
    <step title="Starting PushDeployAsync" date="2026-01-21T09:27:01.915" /><!-- duration: 11ms -->
    <step title="Writing artifact to /tmp/zipdeploy/cdada7c5-9cc8-4302-8ec3-cc1e3e080bce.zip" date="2026-01-21T09:27:02.052" >
      <step title="Writing multipart request body to /tmp/zipdeploy/cdada7c5-9cc8-4302-8ec3-cc1e3e080bce.zip" date="2026-01-21T09:27:02.084" /><!-- duration: 20ms -->
    </step><!-- duration: 353ms -->
    <step title="Removing previous build artifact&apos;s manifest file" date="2026-01-21T09:27:02.425" >
      <step title="Attempting to fetch target branch HEAD" date="2026-01-21T09:27:02.460" /><!-- duration: 8ms -->
      <step title="Acquiring Deployment Lock" date="2026-01-21T09:27:02.475" /><!-- duration: 11ms -->
      <step title="Acquired Deployment Lock" date="2026-01-21T09:27:02.532" /><!-- duration: 6ms -->
      <step title="Performing fetch based deployment" date="2026-01-21T09:27:02.597" >
        <step title="Creating temporary deployment" date="2026-01-21T09:27:02.648" /><!-- duration: 232ms -->
        <step title="Releasing Deployment Lock" date="2026-01-21T09:27:04.168" /><!-- duration: 10ms -->
        <step title="Cleaning up temp folders from previous zip deployments and extracting pushed zip file /tmp/zipdeploy/cdada7c5-9cc8-4302-8ec3-cc1e3e080bce.zip (0.05 MB) to /tmp/zipdeploy/extracted" date="2026-01-21T09:27:04.243" >
          <step title="ChmodRecursive Process exited with total time taken in ms: 99" date="2026-01-21T09:27:04.425" /><!-- duration: 12ms -->
        </step><!-- duration: 198ms -->
        <step title="None repository commit" date="2026-01-21T09:27:04.454" >
          <step title="Commit id: c7ff4f94-d733-4749-a1b2-e7c6002644fc" date="2026-01-21T09:27:04.459" Message="OneDeploy" AuthorName="N/A" AuthorEmail="N/A" /><!-- duration: 4ms -->
        </step><!-- duration: 12ms -->
        <step title="Deployment timer started" date="2026-01-21T09:27:06.481" >
          <step title="DeploymentManager.Deploy(id:c7ff4f94-d733-4749-a1b2-e7c6002644fc)" date="2026-01-21T09:27:06.488" >
            <step title="Collecting changeset information" date="2026-01-21T09:27:06.502" /><!-- duration: 96ms -->
            <step title="Updating submodules" date="2026-01-21T09:27:06.604" /><!-- duration: 1207ms -->
            <step title="Determining deployment builder" date="2026-01-21T09:27:08.064" >
              <step title="Builder is OryxBuilder" date="2026-01-21T09:27:08.093" /><!-- duration: 4ms -->
            </step><!-- duration: 38ms -->
            <step title="PreDeployment: context.CleanOutputPath False" date="2026-01-21T09:27:08.162" >
              <step title="PreDeployment: context.OutputPath /home/site/wwwroot" date="2026-01-21T09:27:08.328" >
                <step title="Building" date="2026-01-21T09:27:08.950" >
                  <step title="Executing external process" date="2026-01-21T09:27:09.835" type="process" path="bash" arguments="-c &quot;oryx build /tmp/zipdeploy/extracted -o /home/site/wwwroot --platform python --platform-version 3.12 -p virtualenv_name=antenv --log-file /tmp/build-debug.log  -i /tmp/8de58cf3f90691f --compress-destination-dir | tee /tmp/oryx-build.log ; exit $PIPESTATUS &quot;" /><!-- duration: 189526ms -->
                  <step title="Using PythonDeploymentLogParser" date="2026-01-21T09:30:19.880" /><!-- duration: 4ms -->
                  <step title="Modified file to trigger a restart of the app container." date="2026-01-21T09:30:21.139" /><!-- duration: 5ms -->
                  <step title="Skip function trigger and logicapp sync because function is not enabled." date="2026-01-21T09:30:21.161" /><!-- duration: 4ms -->
                  <step title="Purge deployment items" date="2026-01-21T09:30:22.382" >
                    <step title="Remove f83fd404-, Success, received at 01/18/2026 01:16:34" date="2026-01-21T09:30:22.449" /><!-- duration: 4ms -->
                  </step><!-- duration: 74ms -->
                </step><!-- duration: 193578ms -->
              </step><!-- duration: 194207ms -->
              <step title="Cleaning up temp files" date="2026-01-21T09:30:22.538" /><!-- duration: 422ms -->
              <step title="Cleaning up temp files" date="2026-01-21T09:30:22.972" /><!-- duration: 521ms -->
              <step title="Reloading status file with latest updates" date="2026-01-21T09:30:23.602" >
                <step title="WebHooksManager.PublishEventAsync: PostDeployment" date="2026-01-21T09:30:23.623" /><!-- duration: 188ms -->
              </step><!-- duration: 212ms -->
              <step title="Cleaning up temporary deployment - fetch deployment was successful" date="2026-01-21T09:30:23.823" /><!-- duration: 4ms -->
            </step><!-- duration: 195715ms -->
          </step><!-- duration: 197406ms -->
          <step title="Outgoing response" date="2026-01-21T09:30:23.920" type="response" statusCode="200" statusText="OK" /><!-- duration: 6ms -->
        </step><!-- duration: 197449ms -->
