<step title="Incoming Request" date="2026-01-18T01:02:46.795" instance="644818" url="/api/deployments/latest?deployer=OneDeploy&amp;time=2026-01-18_01-00-42Z" method="GET" type="request" pid="768,1,21" Host="investigates-api.scm.azurewebsites.net" User-Agent="GITHUBACTIONS_DeployWebAppToAzure_632f2cf547ba8128d59e8a35d428f54ef36444e6743a1a4062ffdade880fce24" Authorization="Bea..." Content-Type="application/json; charset=utf-8" Cookie="ARRAffinity=644818c0f7c6fe162cbfe986d6c3c34895ec19cbc74b8c6af9740bc1790bb1fe;Path=/;HttpOnly;Secure;Domain=investigates-api.scm.azurewebsites.net; ARRAffinitySameSite=644818c0f7c6fe162cbfe986d6c3c34895ec19cbc74b8c6af9740bc1790bb1fe;Path=/;HttpOnly;SameSite=None;Secure;Domain=investigates-api.scm.azurewebsites.net" Content-Length="0" X-ARR-LOG-ID="8dfe7919-d62b-4351-848a-0c2c1c19f1cf" CLIENT-IP="74.235.151.5:63514" X-SITE-DEPLOYMENT-ID="investigates-api" WAS-DEFAULT-HOSTNAME="investigates-api.scm.azurewebsites.net" X-Forwarded-Proto="https" X-AppService-Proto="https" X-Forwarded-TlsVersion="1.3" X-WAWS-Unencoded-URL="/api/deployments/latest?deployer=OneDeploy&amp;time=2026-01-18_01-00-42Z" X-Client-IP="74.235.151.5" X-Client-Port="63514" >
  <step title="Cleanup Xml Logs" date="2026-01-18T01:02:46.807" >
    <step title="Cleanup Infos" date="2026-01-18T01:02:46.819" totalFiles="207" totalCleanup="47" /><!-- duration: 6ms -->
  </step><!-- duration: 21ms -->
  <step title="DeploymentService.GetResult" date="2026-01-18T01:02:46.840" >
    <step title="DeploymentService.GetLatestDeployment" date="2026-01-18T01:02:46.844" >
      <step title="DeploymentManager.GetResults" date="2026-01-18T01:02:46.848" /><!-- duration: 636ms -->
    </step><!-- duration: 644ms -->
  </step><!-- duration: 653ms -->
  <step title="Outgoing response" date="2026-01-18T01:02:47.497" type="response" statusCode="202" statusText="Accepted" /><!-- duration: 4ms -->
</step><!-- duration: 712ms -->
