<step title="Incoming Request" date="2026-01-18T01:16:38.169" instance="644818" url="/api/deployments/latest?deployer=OneDeploy&amp;time=2026-01-18_01-16-31Z" method="GET" type="request" pid="768,1,50" Host="investigates-api.scm.azurewebsites.net" User-Agent="GITHUBACTIONS_DeployWebAppToAzure_632f2cf547ba8128d59e8a35d428f54ef36444e6743a1a4062ffdade880fce24" Authorization="Bea..." Content-Type="application/json; charset=utf-8" Cookie="ARRAffinity=644818c0f7c6fe162cbfe986d6c3c34895ec19cbc74b8c6af9740bc1790bb1fe;Path=/;HttpOnly;Secure;Domain=investigates-api.scm.azurewebsites.net; ARRAffinitySameSite=644818c0f7c6fe162cbfe986d6c3c34895ec19cbc74b8c6af9740bc1790bb1fe;Path=/;HttpOnly;SameSite=None;Secure;Domain=investigates-api.scm.azurewebsites.net" Content-Length="0" X-ARR-LOG-ID="f2765256-57ec-4dff-a1c3-720c8eefffe2" CLIENT-IP="172.183.91.161:55305" X-SITE-DEPLOYMENT-ID="investigates-api" WAS-DEFAULT-HOSTNAME="investigates-api.scm.azurewebsites.net" X-Forwarded-Proto="https" X-AppService-Proto="https" X-Forwarded-TlsVersion="1.3" X-WAWS-Unencoded-URL="/api/deployments/latest?deployer=OneDeploy&amp;time=2026-01-18_01-16-31Z" X-Client-IP="172.183.91.161" X-Client-Port="55305" >
  <step title="Cleanup Xml Logs" date="2026-01-18T01:16:38.179" >
    <step title="Cleanup Infos" date="2026-01-18T01:16:38.219" totalFiles="217" totalCleanup="57" /><!-- duration: 29ms -->
  </step><!-- duration: 80ms -->
  <step title="DeploymentService.GetResult" date="2026-01-18T01:16:38.278" >
    <step title="DeploymentService.GetLatestDeployment" date="2026-01-18T01:16:38.287" >
      <step title="DeploymentManager.GetResults" date="2026-01-18T01:16:38.297" /><!-- duration: 1569ms -->
    </step><!-- duration: 1616ms -->
  </step><!-- duration: 1637ms -->
  <step title="Outgoing response" date="2026-01-18T01:16:39.933" type="response" statusCode="202" statusText="Accepted" /><!-- duration: 8ms -->
</step><!-- duration: 1785ms -->
