<step title="BackgroundTrace" date="2026-01-20T16:13:44.080" instance="644818" url="/api/publish" method="POST" >
  <step title="Creating temporary deployment - FetchDeploymentManager" date="2026-01-20T16:13:44.152" /><!-- duration: 4ms -->
  <step title="Creating temporary deployment" date="2026-01-20T16:13:44.162" /><!-- duration: 149ms -->
  <step title="Performing fetch based deployment" date="2026-01-20T16:13:44.424" >
    <step title="Cleaning up temp folders from previous zip deployments and extracting pushed zip file /tmp/zipdeploy/3870dd75-656d-488f-a2ce-0d3f5f416936.zip (0.05 MB) to /tmp/zipdeploy/extracted" date="2026-01-20T16:13:46.125" >
      <step title="ChmodRecursive Process exited with total time taken in ms: 88" date="2026-01-20T16:13:46.297" /><!-- duration: 5ms -->
    </step><!-- duration: 184ms -->
    <step title="Deployment timer started" date="2026-01-20T16:13:48.355" >
      <step title="DeploymentManager.Deploy(id:a11c59e2-7af2-4b87-814d-edff82e7ce33)" date="2026-01-20T16:13:48.405" >
        <step title="Collecting changeset information" date="2026-01-20T16:13:48.455" /><!-- duration: 107ms -->
        <step title="Updating submodules" date="2026-01-20T16:13:48.569" /><!-- duration: 1130ms -->
        <step title="Determining deployment builder" date="2026-01-20T16:13:49.910" >
          <step title="Builder is OryxBuilder" date="2026-01-20T16:13:49.936" /><!-- duration: 4ms -->
        </step><!-- duration: 35ms -->
        <step title="PreDeployment: context.CleanOutputPath False" date="2026-01-20T16:13:50.009" >
          <step title="PreDeployment: context.OutputPath /home/site/wwwroot" date="2026-01-20T16:13:50.170" >
            <step title="Building" date="2026-01-20T16:13:50.318" >
              <step title="Executing external process" date="2026-01-20T16:13:50.687" type="process" path="bash" arguments="-c &quot;oryx build /tmp/zipdeploy/extracted -o /home/site/wwwroot --platform python --platform-version 3.12 -p virtualenv_name=antenv --log-file /tmp/build-debug.log  -i /tmp/8de583ee5c9c01b --compress-destination-dir | tee /tmp/oryx-build.log ; exit $PIPESTATUS &quot;" /><!-- duration: 93742ms -->
              <step title="Using PythonDeploymentLogParser" date="2026-01-20T16:15:24.849" /><!-- duration: 5ms -->
              <step title="Modified file to trigger a restart of the app container." date="2026-01-20T16:15:26.868" /><!-- duration: 4ms -->
              <step title="Skip function trigger and logicapp sync because function is not enabled." date="2026-01-20T16:15:26.877" /><!-- duration: 5ms -->
              <step title="Purge deployment items" date="2026-01-20T16:15:27.992" >
                <step title="Remove aa218cbf-, Success, received at 01/08/2026 15:36:41" date="2026-01-20T16:15:28.062" /><!-- duration: 6ms -->
              </step><!-- duration: 82ms -->
            </step><!-- duration: 97844ms -->
          </step><!-- duration: 97997ms -->
          <step title="Cleaning up temp files" date="2026-01-20T16:15:28.171" /><!-- duration: 630ms -->
          <step title="Cleaning up temp files" date="2026-01-20T16:15:28.805" /><!-- duration: 507ms -->
          <step title="Reloading status file with latest updates" date="2026-01-20T16:15:29.364" >
            <step title="WebHooksManager.PublishEventAsync: PostDeployment" date="2026-01-20T16:15:29.368" /><!-- duration: 127ms -->
          </step><!-- duration: 140ms -->
          <step title="Cleaning up temporary deployment - fetch deployment was successful" date="2026-01-20T16:15:29.548" /><!-- duration: 4ms -->
        </step><!-- duration: 99603ms -->
      </step><!-- duration: 101330ms -->
