<step title="Incoming Request" date="2026-01-21T15:35:25.951" instance="644818" url="/api/publish?type=zip" method="POST" type="request" pid="771,1,29" Accept="*/*" Host="investigates-api.scm.azurewebsites.net" User-Agent="AZURECLI/2.78.0 (HOMEBREW)" Accept-Encoding="gzip, deflate" Authorization="Bea..." Cache-Control="no-cache" Content-Type="application/octet-stream" Cookie="ARRAffinity=644818c0f7c6fe162cbfe986d6c3c34895ec19cbc74b8c6af9740bc1790bb1fe; ARRAffinitySameSite=644818c0f7c6fe162cbfe986d6c3c34895ec19cbc74b8c6af9740bc1790bb1fe" Content-Length="64786" x-ms-client-request-id="c796e5bc-f6de-11f0-93de-c6eea053c942" x-ms-artifact-checksum="e14082f14f2ccdcf5253d762457d315030652662ebfde2d6e302af5811df248b" X-ARR-LOG-ID="c796e5bc-f6de-11f0-93de-c6eea053c942" CLIENT-IP="49.230.243.233:59307" X-SITE-DEPLOYMENT-ID="investigates-api" WAS-DEFAULT-HOSTNAME="investigates-api.scm.azurewebsites.net" X-Forwarded-Proto="https" X-AppService-Proto="https" X-Forwarded-TlsVersion="1.3" X-WAWS-Unencoded-URL="/api/publish?type=zip" X-Client-IP="49.230.243.233" X-Client-Port="59307" >
  <step title="OneDeploy" date="2026-01-21T15:35:26.056" >
    <step title="Starting PushDeployAsync" date="2026-01-21T15:35:26.085" /><!-- duration: 11ms -->
    <step title="Writing artifact to /tmp/zipdeploy/20cae85d-c764-4fbc-8055-a44e35e813be.zip" date="2026-01-21T15:35:26.148" >
      <step title="Writing multipart request body to /tmp/zipdeploy/20cae85d-c764-4fbc-8055-a44e35e813be.zip" date="2026-01-21T15:35:26.176" /><!-- duration: 19ms -->
    </step><!-- duration: 228ms -->
    <step title="Removing previous build artifact&apos;s manifest file" date="2026-01-21T15:35:26.383" >
      <step title="Attempting to fetch target branch HEAD" date="2026-01-21T15:35:26.396" /><!-- duration: 4ms -->
      <step title="Acquiring Deployment Lock" date="2026-01-21T15:35:26.405" /><!-- duration: 9ms -->
      <step title="Acquired Deployment Lock" date="2026-01-21T15:35:26.447" /><!-- duration: 6ms -->
      <step title="Performing fetch based deployment" date="2026-01-21T15:35:26.462" >
        <step title="Creating temporary deployment" date="2026-01-21T15:35:26.468" /><!-- duration: 129ms -->
        <step title="Releasing Deployment Lock" date="2026-01-21T15:35:27.788" /><!-- duration: 7ms -->
        <step title="Cleaning up temp folders from previous zip deployments and extracting pushed zip file /tmp/zipdeploy/20cae85d-c764-4fbc-8055-a44e35e813be.zip (0.06 MB) to /tmp/zipdeploy/extracted" date="2026-01-21T15:35:27.835" >
          <step title="ChmodRecursive Process exited with total time taken in ms: 78" date="2026-01-21T15:35:27.977" /><!-- duration: 22ms -->
        </step><!-- duration: 169ms -->
        <step title="None repository commit" date="2026-01-21T15:35:28.017" >
          <step title="Commit id: c1661a86-d478-4894-8ce5-bbf5be078b33" date="2026-01-21T15:35:28.020" Message="OneDeploy" AuthorName="N/A" AuthorEmail="N/A" /><!-- duration: 5ms -->
        </step><!-- duration: 13ms -->
        <step title="Deployment timer started" date="2026-01-21T15:35:30.038" >
          <step title="DeploymentManager.Deploy(id:c1661a86-d478-4894-8ce5-bbf5be078b33)" date="2026-01-21T15:35:30.043" >
            <step title="Collecting changeset information" date="2026-01-21T15:35:30.065" /><!-- duration: 90ms -->
            <step title="Updating submodules" date="2026-01-21T15:35:30.161" /><!-- duration: 1198ms -->
            <step title="Determining deployment builder" date="2026-01-21T15:35:31.642" >
              <step title="Builder is OryxBuilder" date="2026-01-21T15:35:31.656" /><!-- duration: 5ms -->
            </step><!-- duration: 24ms -->
            <step title="PreDeployment: context.CleanOutputPath False" date="2026-01-21T15:35:31.742" >
              <step title="PreDeployment: context.OutputPath /home/site/wwwroot" date="2026-01-21T15:35:31.879" >
                <step title="Building" date="2026-01-21T15:35:32.054" >
                  <step title="Executing external process" date="2026-01-21T15:35:32.372" type="process" path="bash" arguments="-c &quot;oryx build /tmp/zipdeploy/extracted -o /home/site/wwwroot --platform python --platform-version 3.12 -p virtualenv_name=antenv --log-file /tmp/build-debug.log  -i /tmp/8de5902b650d9cf --compress-destination-dir | tee /tmp/oryx-build.log ; exit $PIPESTATUS &quot;" /><!-- duration: 104595ms -->
                  <step title="Using PythonDeploymentLogParser" date="2026-01-21T15:37:18.012" /><!-- duration: 19ms -->
                  <step title="Modified file to trigger a restart of the app container." date="2026-01-21T15:37:21.533" /><!-- duration: 32ms -->
                  <step title="Skip function trigger and logicapp sync because function is not enabled." date="2026-01-21T15:37:21.604" /><!-- duration: 23ms -->
                  <step title="Purge deployment items" date="2026-01-21T15:37:24.386" >
                    <step title="Remove a11c59e2-, Success, received at 01/20/2026 16:13:48" date="2026-01-21T15:37:24.535" /><!-- duration: 12ms -->
                  </step><!-- duration: 179ms -->
                </step><!-- duration: 112634ms -->
              </step><!-- duration: 112829ms -->
              <step title="Cleaning up temp files" date="2026-01-21T15:37:24.727" /><!-- duration: 2147ms -->
              <step title="Cleaning up temp files" date="2026-01-21T15:37:26.895" /><!-- duration: 548ms -->
              <step title="Reloading status file with latest updates" date="2026-01-21T15:37:27.532" >
                <step title="WebHooksManager.PublishEventAsync: PostDeployment" date="2026-01-21T15:37:27.553" /><!-- duration: 91ms -->
              </step><!-- duration: 141ms -->
              <step title="Cleaning up temporary deployment - fetch deployment was successful" date="2026-01-21T15:37:27.695" /><!-- duration: 12ms -->
            </step><!-- duration: 116126ms -->
          </step><!-- duration: 117862ms -->
          <step title="Outgoing response" date="2026-01-21T15:37:27.975" type="response" statusCode="200" statusText="OK" /><!-- duration: 11ms -->
        </step><!-- duration: 117959ms -->
