<step title="Incoming Request" date="2026-01-21T09:34:54.766" instance="644818" url="/api/publish?type=zip" method="POST" type="request" pid="772,1,18" Accept="*/*" Host="investigates-api.scm.azurewebsites.net" User-Agent="AZURECLI/2.78.0 (HOMEBREW)" Accept-Encoding="gzip, deflate" Authorization="Bea..." Cache-Control="no-cache" Content-Type="application/octet-stream" Cookie="ARRAffinity=644818c0f7c6fe162cbfe986d6c3c34895ec19cbc74b8c6af9740bc1790bb1fe; ARRAffinitySameSite=644818c0f7c6fe162cbfe986d6c3c34895ec19cbc74b8c6af9740bc1790bb1fe" Content-Length="54751" x-ms-client-request-id="69f97f1e-f6ac-11f0-92fb-c6eea053c942" x-ms-artifact-checksum="6a3f5dcaabcf639fc7b1d8b11281b89d7e046907c51b1948f35404de79c2b805" X-ARR-LOG-ID="69f97f1e-f6ac-11f0-92fb-c6eea053c942" CLIENT-IP="49.230.240.23:41318" X-SITE-DEPLOYMENT-ID="investigates-api" WAS-DEFAULT-HOSTNAME="investigates-api.scm.azurewebsites.net" X-Forwarded-Proto="https" X-AppService-Proto="https" X-Forwarded-TlsVersion="1.3" X-WAWS-Unencoded-URL="/api/publish?type=zip" X-Client-IP="49.230.240.23" X-Client-Port="41318" >
  <step title="Cleanup Xml Logs" date="2026-01-21T09:34:54.769" >
    <step title="Cleanup Infos" date="2026-01-21T09:34:54.783" totalFiles="378" totalCleanup="218" /><!-- duration: 6ms -->
  </step><!-- duration: 24ms -->
  <step title="OneDeploy" date="2026-01-21T09:34:54.807" >
    <step title="Starting PushDeployAsync" date="2026-01-21T09:34:54.818" /><!-- duration: 7ms -->
    <step title="Writing artifact to /tmp/zipdeploy/8093f57a-2ca8-454b-82e4-ceaf68fd85c3.zip" date="2026-01-21T09:34:54.838" >
      <step title="Writing multipart request body to /tmp/zipdeploy/8093f57a-2ca8-454b-82e4-ceaf68fd85c3.zip" date="2026-01-21T09:34:54.846" /><!-- duration: 10ms -->
    </step><!-- duration: 70ms -->
    <step title="Removing previous build artifact&apos;s manifest file" date="2026-01-21T09:34:54.914" >
      <step title="Attempting to fetch target branch HEAD" date="2026-01-21T09:34:54.930" /><!-- duration: 4ms -->
      <step title="Acquiring Deployment Lock" date="2026-01-21T09:34:54.939" /><!-- duration: 7ms -->
      <step title="Acquired Deployment Lock" date="2026-01-21T09:34:54.976" /><!-- duration: 4ms -->
      <step title="Performing fetch based deployment" date="2026-01-21T09:34:54.987" >
        <step title="Creating temporary deployment" date="2026-01-21T09:34:54.994" /><!-- duration: 90ms -->
        <step title="Releasing Deployment Lock" date="2026-01-21T09:34:56.244" /><!-- duration: 8ms -->
        <step title="Cleaning up temp folders from previous zip deployments and extracting pushed zip file /tmp/zipdeploy/8093f57a-2ca8-454b-82e4-ceaf68fd85c3.zip (0.05 MB) to /tmp/zipdeploy/extracted" date="2026-01-21T09:34:56.363" >
          <step title="ChmodRecursive Process exited with total time taken in ms: 110" date="2026-01-21T09:34:56.545" /><!-- duration: 18ms -->
        </step><!-- duration: 223ms -->
        <step title="None repository commit" date="2026-01-21T09:34:56.598" >
          <step title="Commit id: 327d3dbc-d545-464a-ba10-09a37757ecc2" date="2026-01-21T09:34:56.609" Message="OneDeploy" AuthorName="N/A" AuthorEmail="N/A" /><!-- duration: 43ms -->
        </step><!-- duration: 58ms -->
        <step title="Deployment timer started" date="2026-01-21T09:34:58.662" >
          <step title="DeploymentManager.Deploy(id:327d3dbc-d545-464a-ba10-09a37757ecc2)" date="2026-01-21T09:34:58.668" >
            <step title="Collecting changeset information" date="2026-01-21T09:34:58.682" /><!-- duration: 97ms -->
            <step title="Updating submodules" date="2026-01-21T09:34:58.787" /><!-- duration: 1216ms -->
            <step title="Determining deployment builder" date="2026-01-21T09:35:00.243" >
              <step title="Builder is OryxBuilder" date="2026-01-21T09:35:00.290" /><!-- duration: 11ms -->
            </step><!-- duration: 97ms -->
            <step title="PreDeployment: context.CleanOutputPath False" date="2026-01-21T09:35:00.433" >
              <step title="PreDeployment: context.OutputPath /home/site/wwwroot" date="2026-01-21T09:35:00.635" >
                <step title="Building" date="2026-01-21T09:35:00.867" >
                  <step title="Executing external process" date="2026-01-21T09:35:01.387" type="process" path="bash" arguments="-c &quot;oryx build /tmp/zipdeploy/extracted -o /home/site/wwwroot --platform python --platform-version 3.12 -p virtualenv_name=antenv --log-file /tmp/build-debug.log  -i /tmp/8de58d0590b17ed --compress-destination-dir | tee /tmp/oryx-build.log ; exit $PIPESTATUS &quot;" /><!-- duration: 94007ms -->
                  <step title="Using PythonDeploymentLogParser" date="2026-01-21T09:36:35.799" /><!-- duration: 4ms -->
                  <step title="Modified file to trigger a restart of the app container." date="2026-01-21T09:36:37.205" /><!-- duration: 5ms -->
                  <step title="Skip function trigger and logicapp sync because function is not enabled." date="2026-01-21T09:36:37.216" /><!-- duration: 7ms -->
                  <step title="Purge deployment items" date="2026-01-21T09:36:38.826" >
                    <step title="Remove 3864f524-, Success, received at 01/18/2026 08:39:08" date="2026-01-21T09:36:38.893" /><!-- duration: 4ms -->
                  </step><!-- duration: 76ms -->
                </step><!-- duration: 98137ms -->
              </step><!-- duration: 98376ms -->
              <step title="Cleaning up temp files" date="2026-01-21T09:36:39.014" /><!-- duration: 483ms -->
              <step title="Cleaning up temp files" date="2026-01-21T09:36:39.502" /><!-- duration: 540ms -->
              <step title="Reloading status file with latest updates" date="2026-01-21T09:36:40.109" >
                <step title="WebHooksManager.PublishEventAsync: PostDeployment" date="2026-01-21T09:36:40.115" /><!-- duration: 70ms -->
              </step><!-- duration: 82ms -->
              <step title="Cleaning up temporary deployment - fetch deployment was successful" date="2026-01-21T09:36:40.205" /><!-- duration: 4ms -->
            </step><!-- duration: 99850ms -->
          </step><!-- duration: 101700ms -->
          <step title="Outgoing response" date="2026-01-21T09:36:40.385" type="response" statusCode="200" statusText="OK" /><!-- duration: 4ms -->
        </step><!-- duration: 101732ms -->
