<step title="Incoming Request" date="2026-01-18T01:18:14.792" instance="644818" url="/api/deployments/latest?deployer=OneDeploy&amp;time=2026-01-18_01-16-31Z" method="GET" type="request" pid="768,1,46" Host="investigates-api.scm.azurewebsites.net" User-Agent="GITHUBACTIONS_DeployWebAppToAzure_632f2cf547ba8128d59e8a35d428f54ef36444e6743a1a4062ffdade880fce24" Authorization="Bea..." Content-Type="application/json; charset=utf-8" Cookie="ARRAffinity=644818c0f7c6fe162cbfe986d6c3c34895ec19cbc74b8c6af9740bc1790bb1fe;Path=/;HttpOnly;Secure;Domain=investigates-api.scm.azurewebsites.net; ARRAffinitySameSite=644818c0f7c6fe162cbfe986d6c3c34895ec19cbc74b8c6af9740bc1790bb1fe;Path=/;HttpOnly;SameSite=None;Secure;Domain=investigates-api.scm.azurewebsites.net" Content-Length="0" X-ARR-LOG-ID="5241392e-7c65-4b52-95ec-e4d810bf0ade" CLIENT-IP="172.183.91.161:55314" X-SITE-DEPLOYMENT-ID="investigates-api" WAS-DEFAULT-HOSTNAME="investigates-api.scm.azurewebsites.net" X-Forwarded-Proto="https" X-AppService-Proto="https" X-Forwarded-TlsVersion="1.3" X-WAWS-Unencoded-URL="/api/deployments/latest?deployer=OneDeploy&amp;time=2026-01-18_01-16-31Z" X-Client-IP="172.183.91.161" X-Client-Port="55314" >
  <step title="Cleanup Xml Logs" date="2026-01-18T01:18:14.810" >
    <step title="Cleanup Infos" date="2026-01-18T01:18:14.851" totalFiles="229" totalCleanup="69" /><!-- duration: 13ms -->
  </step><!-- duration: 63ms -->
  <step title="DeploymentService.GetResult" date="2026-01-18T01:18:14.904" >
    <step title="DeploymentService.GetLatestDeployment" date="2026-01-18T01:18:14.921" >
      <step title="DeploymentManager.GetResults" date="2026-01-18T01:18:14.931" /><!-- duration: 1378ms -->
    </step><!-- duration: 1427ms -->
  </step><!-- duration: 1456ms -->
  <step title="Outgoing response" date="2026-01-18T01:18:16.377" type="response" statusCode="202" statusText="Accepted" /><!-- duration: 19ms -->
</step><!-- duration: 1614ms -->
