<step title="BackgroundTrace" date="2026-01-18T15:55:54.575" instance="644818" url="/api/publish" method="POST" >
  <step title="Creating temporary deployment - FetchDeploymentManager" date="2026-01-18T15:55:54.641" /><!-- duration: 5ms -->
  <step title="Creating temporary deployment" date="2026-01-18T15:55:54.653" /><!-- duration: 65ms -->
  <step title="Performing fetch based deployment" date="2026-01-18T15:55:54.755" >
    <step title="Cleaning up temp folders from previous zip deployments and extracting pushed zip file /tmp/zipdeploy/3dcad324-01b9-4dca-9218-9eaf55681334.zip (0.04 MB) to /tmp/zipdeploy/extracted" date="2026-01-18T15:55:56.538" >
      <step title="ChmodRecursive Process exited with total time taken in ms: 118" date="2026-01-18T15:55:56.771" /><!-- duration: 7ms -->
    </step><!-- duration: 245ms -->
    <step title="Deployment timer started" date="2026-01-18T15:55:58.802" >
      <step title="DeploymentManager.Deploy(id:f1b248dc-f02a-4b1c-af0c-9213dba9187f)" date="2026-01-18T15:55:58.810" >
        <step title="Collecting changeset information" date="2026-01-18T15:55:58.831" /><!-- duration: 107ms -->
        <step title="Updating submodules" date="2026-01-18T15:55:58.946" /><!-- duration: 1124ms -->
        <step title="Determining deployment builder" date="2026-01-18T15:56:00.338" >
          <step title="Builder is OryxBuilder" date="2026-01-18T15:56:00.349" /><!-- duration: 10ms -->
        </step><!-- duration: 25ms -->
        <step title="PreDeployment: context.CleanOutputPath False" date="2026-01-18T15:56:00.420" >
          <step title="PreDeployment: context.OutputPath /home/site/wwwroot" date="2026-01-18T15:56:00.550" >
            <step title="Building" date="2026-01-18T15:56:00.711" >
              <step title="Executing external process" date="2026-01-18T15:56:01.085" type="process" path="bash" arguments="-c &quot;oryx build /tmp/zipdeploy/extracted -o /home/site/wwwroot --platform python --platform-version 3.12 -p virtualenv_name=antenv --log-file /tmp/build-debug.log  -i /tmp/8de56aa13729249 --compress-destination-dir | tee /tmp/oryx-build.log ; exit $PIPESTATUS &quot;" /><!-- duration: 123132ms -->
              <step title="Using PythonDeploymentLogParser" date="2026-01-18T15:58:05.052" /><!-- duration: 31ms -->
              <step title="Modified file to trigger a restart of the app container." date="2026-01-18T15:58:06.876" /><!-- duration: 6ms -->
              <step title="Skip function trigger and logicapp sync because function is not enabled." date="2026-01-18T15:58:06.893" /><!-- duration: 19ms -->
              <step title="Purge deployment items" date="2026-01-18T15:58:08.427" >
                <step title="Remove 2a9d91cc-, Success, received at 01/08/2026 14:58:07" date="2026-01-18T15:58:08.614" /><!-- duration: 9ms -->
              </step><!-- duration: 207ms -->
            </step><!-- duration: 128030ms -->
          </step><!-- duration: 128199ms -->
          <step title="Cleaning up temp files" date="2026-01-18T15:58:08.754" /><!-- duration: 3278ms -->
          <step title="Cleaning up temp files" date="2026-01-18T15:58:12.052" /><!-- duration: 542ms -->
          <step title="Reloading status file with latest updates" date="2026-01-18T15:58:12.735" >
            <step title="WebHooksManager.PublishEventAsync: PostDeployment" date="2026-01-18T15:58:12.754" /><!-- duration: 201ms -->
          </step><!-- duration: 231ms -->
          <step title="Cleaning up temporary deployment - fetch deployment was successful" date="2026-01-18T15:58:13.052" /><!-- duration: 9ms -->
        </step><!-- duration: 132837ms -->
      </step><!-- duration: 134521ms -->
