<step title="BackgroundTrace" date="2026-01-21T14:53:04.378" instance="644818" url="/api/publish" method="POST" >
  <step title="Creating temporary deployment - FetchDeploymentManager" date="2026-01-21T14:53:04.481" /><!-- duration: 6ms -->
  <step title="Creating temporary deployment" date="2026-01-21T14:53:04.492" /><!-- duration: 75ms -->
  <step title="Performing fetch based deployment" date="2026-01-21T14:53:04.627" >
    <step title="Cleaning up temp folders from previous zip deployments and extracting pushed zip file /tmp/zipdeploy/1e10ece0-1052-4dc7-aa5a-56748ae1cded.zip (0.05 MB) to /tmp/zipdeploy/extracted" date="2026-01-21T14:53:05.986" >
      <step title="ChmodRecursive Process exited with total time taken in ms: 90" date="2026-01-21T14:53:06.156" /><!-- duration: 4ms -->
    </step><!-- duration: 180ms -->
    <step title="Deployment timer started" date="2026-01-21T14:53:08.182" >
      <step title="DeploymentManager.Deploy(id:dac9c3f4-8421-4927-923b-72998cb193cc)" date="2026-01-21T14:53:08.192" >
        <step title="Collecting changeset information" date="2026-01-21T14:53:08.239" /><!-- duration: 95ms -->
        <step title="Updating submodules" date="2026-01-21T14:53:08.343" /><!-- duration: 1129ms -->
        <step title="Determining deployment builder" date="2026-01-21T14:53:09.708" >
          <step title="Builder is OryxBuilder" date="2026-01-21T14:53:09.729" /><!-- duration: 5ms -->
        </step><!-- duration: 30ms -->
        <step title="PreDeployment: context.CleanOutputPath False" date="2026-01-21T14:53:09.804" >
          <step title="PreDeployment: context.OutputPath /home/site/wwwroot" date="2026-01-21T14:53:09.932" >
            <step title="Building" date="2026-01-21T14:53:10.092" >
              <step title="Executing external process" date="2026-01-21T14:53:10.444" type="process" path="bash" arguments="-c &quot;oryx build /tmp/zipdeploy/extracted -o /home/site/wwwroot --platform python --platform-version 3.12 -p virtualenv_name=antenv --log-file /tmp/build-debug.log  -i /tmp/8de58fccb35bca0 --compress-destination-dir | tee /tmp/oryx-build.log ; exit $PIPESTATUS &quot;" /><!-- duration: 98862ms -->
              <step title="Using PythonDeploymentLogParser" date="2026-01-21T14:54:49.701" /><!-- duration: 5ms -->
              <step title="Modified file to trigger a restart of the app container." date="2026-01-21T14:54:51.827" /><!-- duration: 5ms -->
              <step title="Skip function trigger and logicapp sync because function is not enabled." date="2026-01-21T14:54:51.855" /><!-- duration: 15ms -->
              <step title="Purge deployment items" date="2026-01-21T14:54:53.046" >
                <step title="Remove 49fe69f2-, Success, received at 01/20/2026 16:07:02" date="2026-01-21T14:54:53.111" /><!-- duration: 4ms -->
              </step><!-- duration: 76ms -->
            </step><!-- duration: 103106ms -->
          </step><!-- duration: 103273ms -->
          <step title="Cleaning up temp files" date="2026-01-21T14:54:53.212" /><!-- duration: 485ms -->
          <step title="Cleaning up temp files" date="2026-01-21T14:54:53.701" /><!-- duration: 508ms -->
          <step title="Reloading status file with latest updates" date="2026-01-21T14:54:54.238" >
            <step title="WebHooksManager.PublishEventAsync: PostDeployment" date="2026-01-21T14:54:54.243" /><!-- duration: 38ms -->
          </step><!-- duration: 47ms -->
          <step title="Cleaning up temporary deployment - fetch deployment was successful" date="2026-01-21T14:54:54.294" /><!-- duration: 4ms -->
        </step><!-- duration: 104545ms -->
      </step><!-- duration: 106176ms -->
