<step title="Incoming Request" date="2026-01-17T13:01:28.970" instance="644818" url="/api/publish?async=true&amp;deployer=GITHUB_ONE_DEPLOY&amp;type=zip&amp;message=%7B%22type%22%3A%22deployment%22%2C%22sha%22%3A%221e56e953b1234c97d1f892f916af62884b5336e9%22%2C%22repoName%22%3A%22autthapolsaiyat%2Finvestigates%22%2C%22actor%22%3A%22autthapolsaiyat%22%2C%22slotName%22%3A%22production%22%2C%22commitMessage%22%3A%22feat%3A%20add%20seed-admin%20endpoint%22%7D" method="POST" type="request" pid="768,1,78" Host="investigates-api.scm.azurewebsites.net" User-Agent="GITHUBACTIONS_DeployWebAppToAzure_632f2cf547ba8128d59e8a35d428f54ef36444e6743a1a4062ffdade880fce24" Authorization="Bea..." Content-Type="application/octet-stream" Cookie="ARRAffinity=644818c0f7c6fe162cbfe986d6c3c34895ec19cbc74b8c6af9740bc1790bb1fe;Path=/;HttpOnly;Secure;Domain=investigates-api.scm.azurewebsites.net; ARRAffinitySameSite=644818c0f7c6fe162cbfe986d6c3c34895ec19cbc74b8c6af9740bc1790bb1fe;Path=/;HttpOnly;SameSite=None;Secure;Domain=investigates-api.scm.azurewebsites.net" Transfer-Encoding="chunked" X-ARR-LOG-ID="22952ddb-2aa3-41d9-8b44-90269c163b5f" CLIENT-IP="4.246.134.179:42000" X-SITE-DEPLOYMENT-ID="investigates-api" WAS-DEFAULT-HOSTNAME="investigates-api.scm.azurewebsites.net" X-Forwarded-Proto="https" X-AppService-Proto="https" X-Forwarded-TlsVersion="1.3" X-WAWS-Unencoded-URL="/api/publish?async=true&amp;deployer=GITHUB_ONE_DEPLOY&amp;type=zip&amp;message=%7B%22type%22%3A%22deployment%22%2C%22sha%22%3A%221e56e953b1234c97d1f892f916af62884b5336e9%22%2C%22repoName%22%3A%22autthapolsaiyat%2Finvestigates%22%2C%22actor%22%3A%22autthapolsaiyat%22%2C%22slotName%22%3A%22production%22%2C%22commitMessage%22%3A%22feat%3A%20add%20seed-admin%20endpoint%22%7D" X-Client-IP="4.246.134.179" X-Client-Port="42000" >
  <step title="OneDeploy" date="2026-01-17T13:01:29.002" >
    <step title="Starting PushDeployAsync" date="2026-01-17T13:01:29.014" /><!-- duration: 6ms -->
    <step title="Writing artifact to /tmp/zipdeploy/54d42f12-9ca8-477f-a316-64e23ddaa730.zip" date="2026-01-17T13:01:29.054" >
      <step title="Writing multipart request body to /tmp/zipdeploy/54d42f12-9ca8-477f-a316-64e23ddaa730.zip" date="2026-01-17T13:01:29.058" /><!-- duration: 4ms -->
    </step><!-- duration: 26ms -->
    <step title="Removing previous build artifact&apos;s manifest file" date="2026-01-17T13:01:29.091" >
      <step title="Start deployment in the background" date="2026-01-17T13:01:29.111" >
        <step title="Acquiring Deployment Lock" date="2026-01-17T13:01:29.159" /><!-- duration: 4ms -->
        <step title="Acquired Deployment Lock" date="2026-01-17T13:01:29.198" /><!-- duration: 6ms -->
      </step><!-- duration: 190ms -->
    </step><!-- duration: 223ms -->
    <step title="Outgoing response" date="2026-01-17T13:01:29.336" type="response" statusCode="202" statusText="Accepted" /><!-- duration: 11ms -->
  </step><!-- duration: 363ms -->
