<step title="Incoming Request" date="2026-01-21T14:53:03.945" instance="644818" url="/api/publish?async=true&amp;deployer=GITHUB_ONE_DEPLOY&amp;type=zip&amp;message=%7B%22type%22%3A%22deployment%22%2C%22sha%22%3A%22f244107dcb704b71485e8ec189dc8853b0b0fe83%22%2C%22repoName%22%3A%22autthapolsaiyat%2Finvestigates%22%2C%22actor%22%3A%22autthapolsaiyat%22%2C%22slotName%22%3A%22production%22%2C%22commitMessage%22%3A%22feat%3A%20subscription%20renew%20%2B%20admin%20reset%20password%22%7D" method="POST" type="request" pid="771,1,47" Host="investigates-api.scm.azurewebsites.net" User-Agent="GITHUBACTIONS_DeployWebAppToAzure_632f2cf547ba8128d59e8a35d428f54ef36444e6743a1a4062ffdade880fce24" Authorization="Bea..." Content-Type="application/octet-stream" Cookie="ARRAffinity=644818c0f7c6fe162cbfe986d6c3c34895ec19cbc74b8c6af9740bc1790bb1fe;Path=/;HttpOnly;Secure;Domain=investigates-api.scm.azurewebsites.net; ARRAffinitySameSite=644818c0f7c6fe162cbfe986d6c3c34895ec19cbc74b8c6af9740bc1790bb1fe;Path=/;HttpOnly;SameSite=None;Secure;Domain=investigates-api.scm.azurewebsites.net" Transfer-Encoding="chunked" X-ARR-LOG-ID="1c62bc95-6ecb-4230-92cf-cd76bc0d4946" CLIENT-IP="104.209.5.146:31744" X-SITE-DEPLOYMENT-ID="investigates-api" WAS-DEFAULT-HOSTNAME="investigates-api.scm.azurewebsites.net" X-Forwarded-Proto="https" X-AppService-Proto="https" X-Forwarded-TlsVersion="1.3" X-WAWS-Unencoded-URL="/api/publish?async=true&amp;deployer=GITHUB_ONE_DEPLOY&amp;type=zip&amp;message=%7B%22type%22%3A%22deployment%22%2C%22sha%22%3A%22f244107dcb704b71485e8ec189dc8853b0b0fe83%22%2C%22repoName%22%3A%22autthapolsaiyat%2Finvestigates%22%2C%22actor%22%3A%22autthapolsaiyat%22%2C%22slotName%22%3A%22production%22%2C%22commitMessage%22%3A%22feat%3A%20subscription%20renew%20%2B%20admin%20reset%20password%22%7D" X-Client-IP="104.209.5.146" X-Client-Port="31744" >
  <step title="OneDeploy" date="2026-01-21T14:53:03.990" >
    <step title="Starting PushDeployAsync" date="2026-01-21T14:53:04.016" /><!-- duration: 6ms -->
    <step title="Writing artifact to /tmp/zipdeploy/1e10ece0-1052-4dc7-aa5a-56748ae1cded.zip" date="2026-01-21T14:53:04.214" >
      <step title="Writing multipart request body to /tmp/zipdeploy/1e10ece0-1052-4dc7-aa5a-56748ae1cded.zip" date="2026-01-21T14:53:04.219" /><!-- duration: 4ms -->
    </step><!-- duration: 131ms -->
    <step title="Removing previous build artifact&apos;s manifest file" date="2026-01-21T14:53:04.357" >
      <step title="Start deployment in the background" date="2026-01-21T14:53:04.370" >
        <step title="Acquiring Deployment Lock" date="2026-01-21T14:53:04.426" /><!-- duration: 10ms -->
        <step title="Acquired Deployment Lock" date="2026-01-21T14:53:04.470" /><!-- duration: 8ms -->
      </step><!-- duration: 204ms -->
    </step><!-- duration: 246ms -->
    <step title="Outgoing response" date="2026-01-21T14:53:04.609" type="response" statusCode="202" statusText="Accepted" /><!-- duration: 5ms -->
  </step><!-- duration: 628ms -->
