<step title="Incoming Request" date="2026-01-21T16:37:24.572" instance="644818" url="/api/publish?type=zip" method="POST" type="request" pid="771,1,7" Accept="*/*" Host="investigates-api.scm.azurewebsites.net" User-Agent="AZURECLI/2.78.0 (HOMEBREW)" Accept-Encoding="gzip, deflate" Authorization="Bea..." Cache-Control="no-cache" Content-Type="application/octet-stream" Cookie="ARRAffinity=644818c0f7c6fe162cbfe986d6c3c34895ec19cbc74b8c6af9740bc1790bb1fe; ARRAffinitySameSite=644818c0f7c6fe162cbfe986d6c3c34895ec19cbc74b8c6af9740bc1790bb1fe" Content-Length="59263" x-ms-client-request-id="706d7586-f6e7-11f0-aeb2-c6eea053c942" x-ms-artifact-checksum="e0096430abcf4e94615a3db987beab7e4368bdb2f8feff833e7ee2e2f433ad57" X-ARR-LOG-ID="706d7586-f6e7-11f0-aeb2-c6eea053c942" CLIENT-IP="49.230.243.233:59303" X-SITE-DEPLOYMENT-ID="investigates-api" WAS-DEFAULT-HOSTNAME="investigates-api.scm.azurewebsites.net" X-Forwarded-Proto="https" X-AppService-Proto="https" X-Forwarded-TlsVersion="1.3" X-WAWS-Unencoded-URL="/api/publish?type=zip" X-Client-IP="49.230.243.233" X-Client-Port="59303" >
  <step title="OneDeploy" date="2026-01-21T16:37:24.584" >
    <step title="Starting PushDeployAsync" date="2026-01-21T16:37:24.592" /><!-- duration: 10ms -->
    <step title="Writing artifact to /tmp/zipdeploy/172e0ade-ecbd-4d48-94a9-79fe7f01240b.zip" date="2026-01-21T16:37:24.619" >
      <step title="Writing multipart request body to /tmp/zipdeploy/172e0ade-ecbd-4d48-94a9-79fe7f01240b.zip" date="2026-01-21T16:37:24.624" /><!-- duration: 7ms -->
    </step><!-- duration: 66ms -->
    <step title="Removing previous build artifact&apos;s manifest file" date="2026-01-21T16:37:24.692" >
      <step title="Attempting to fetch target branch HEAD" date="2026-01-21T16:37:24.705" /><!-- duration: 3ms -->
      <step title="Acquiring Deployment Lock" date="2026-01-21T16:37:24.713" /><!-- duration: 11ms -->
      <step title="Acquired Deployment Lock" date="2026-01-21T16:37:24.758" /><!-- duration: 4ms -->
      <step title="Performing fetch based deployment" date="2026-01-21T16:37:24.772" >
        <step title="Creating temporary deployment" date="2026-01-21T16:37:24.778" /><!-- duration: 107ms -->
        <step title="Releasing Deployment Lock" date="2026-01-21T16:37:26.072" /><!-- duration: 10ms -->
        <step title="Cleaning up temp folders from previous zip deployments and extracting pushed zip file /tmp/zipdeploy/172e0ade-ecbd-4d48-94a9-79fe7f01240b.zip (0.06 MB) to /tmp/zipdeploy/extracted" date="2026-01-21T16:37:26.112" >
          <step title="ChmodRecursive Process exited with total time taken in ms: 193" date="2026-01-21T16:37:26.387" /><!-- duration: 5ms -->
        </step><!-- duration: 285ms -->
        <step title="None repository commit" date="2026-01-21T16:37:26.405" >
          <step title="Commit id: 68214ef9-9dbb-4093-bf5d-c30faa2fc3de" date="2026-01-21T16:37:26.409" Message="OneDeploy" AuthorName="N/A" AuthorEmail="N/A" /><!-- duration: 4ms -->
        </step><!-- duration: 11ms -->
        <step title="Deployment timer started" date="2026-01-21T16:37:28.422" >
          <step title="DeploymentManager.Deploy(id:68214ef9-9dbb-4093-bf5d-c30faa2fc3de)" date="2026-01-21T16:37:28.431" >
            <step title="Collecting changeset information" date="2026-01-21T16:37:28.464" /><!-- duration: 95ms -->
            <step title="Updating submodules" date="2026-01-21T16:37:28.566" /><!-- duration: 1236ms -->
            <step title="Determining deployment builder" date="2026-01-21T16:37:30.047" >
              <step title="Builder is OryxBuilder" date="2026-01-21T16:37:30.060" /><!-- duration: 5ms -->
            </step><!-- duration: 23ms -->
            <step title="PreDeployment: context.CleanOutputPath False" date="2026-01-21T16:37:30.155" >
              <step title="PreDeployment: context.OutputPath /home/site/wwwroot" date="2026-01-21T16:37:30.311" >
                <step title="Building" date="2026-01-21T16:37:30.455" >
                  <step title="Executing external process" date="2026-01-21T16:37:30.803" type="process" path="bash" arguments="-c &quot;oryx build /tmp/zipdeploy/extracted -o /home/site/wwwroot --platform python --platform-version 3.12 -p virtualenv_name=antenv --log-file /tmp/build-debug.log  -i /tmp/8de590b5ea82fab --compress-destination-dir | tee /tmp/oryx-build.log ; exit $PIPESTATUS &quot;" /><!-- duration: 97557ms -->
                  <step title="Using PythonDeploymentLogParser" date="2026-01-21T16:39:08.877" /><!-- duration: 6ms -->
                  <step title="Modified file to trigger a restart of the app container." date="2026-01-21T16:39:10.203" /><!-- duration: 5ms -->
                  <step title="Skip function trigger and logicapp sync because function is not enabled." date="2026-01-21T16:39:10.219" /><!-- duration: 6ms -->
                  <step title="Purge deployment items" date="2026-01-21T16:39:11.458" >
                    <step title="Remove 560b8590-, Success, received at 01/21/2026 09:14:40" date="2026-01-21T16:39:11.512" /><!-- duration: 4ms -->
                  </step><!-- duration: 63ms -->
                </step><!-- duration: 101133ms -->
              </step><!-- duration: 101282ms -->
              <step title="Cleaning up temp files" date="2026-01-21T16:39:11.598" /><!-- duration: 491ms -->
              <step title="Cleaning up temp files" date="2026-01-21T16:39:12.094" /><!-- duration: 513ms -->
              <step title="Reloading status file with latest updates" date="2026-01-21T16:39:12.656" >
                <step title="WebHooksManager.PublishEventAsync: PostDeployment" date="2026-01-21T16:39:12.660" /><!-- duration: 53ms -->
              </step><!-- duration: 61ms -->
              <step title="Cleaning up temporary deployment - fetch deployment was successful" date="2026-01-21T16:39:12.724" /><!-- duration: 5ms -->
            </step><!-- duration: 102629ms -->
          </step><!-- duration: 104361ms -->
          <step title="Outgoing response" date="2026-01-21T16:39:12.804" type="response" statusCode="200" statusText="OK" /><!-- duration: 4ms -->
        </step><!-- duration: 104390ms -->
