<step title="Incoming Request" date="2026-01-21T15:40:26.377" instance="644818" url="/api/deployments/latest?deployer=OneDeploy&amp;time=2026-01-21_15-39-49Z" method="GET" type="request" pid="771,1,37" Host="investigates-api.scm.azurewebsites.net" User-Agent="GITHUBACTIONS_DeployWebAppToAzure_632f2cf547ba8128d59e8a35d428f54ef36444e6743a1a4062ffdade880fce24" Authorization="Bea..." Content-Type="application/json; charset=utf-8" Cookie="ARRAffinity=644818c0f7c6fe162cbfe986d6c3c34895ec19cbc74b8c6af9740bc1790bb1fe;Path=/;HttpOnly;Secure;Domain=investigates-api.scm.azurewebsites.net; ARRAffinitySameSite=644818c0f7c6fe162cbfe986d6c3c34895ec19cbc74b8c6af9740bc1790bb1fe;Path=/;HttpOnly;SameSite=None;Secure;Domain=investigates-api.scm.azurewebsites.net" Content-Length="0" X-ARR-LOG-ID="1fa62642-4543-42df-bf54-3f245e99cf62" CLIENT-IP="52.176.124.231:48129" X-SITE-DEPLOYMENT-ID="investigates-api" WAS-DEFAULT-HOSTNAME="investigates-api.scm.azurewebsites.net" X-Forwarded-Proto="https" X-AppService-Proto="https" X-Forwarded-TlsVersion="1.3" X-WAWS-Unencoded-URL="/api/deployments/latest?deployer=OneDeploy&amp;time=2026-01-21_15-39-49Z" X-Client-IP="52.176.124.231" X-Client-Port="48129" >
  <step title="Cleanup Xml Logs" date="2026-01-21T15:40:26.386" >
    <step title="Cleanup Infos" date="2026-01-21T15:40:26.425" totalFiles="432" totalCleanup="272" /><!-- duration: 19ms -->
  </step><!-- duration: 71ms -->
  <step title="DeploymentService.GetResult" date="2026-01-21T15:40:26.485" >
    <step title="DeploymentService.GetLatestDeployment" date="2026-01-21T15:40:26.497" >
      <step title="DeploymentManager.GetResults" date="2026-01-21T15:40:26.516" /><!-- duration: 1179ms -->
    </step><!-- duration: 1269ms -->
  </step><!-- duration: 1309ms -->
  <step title="Outgoing response" date="2026-01-21T15:40:27.808" type="response" statusCode="202" statusText="Accepted" /><!-- duration: 29ms -->
</step><!-- duration: 1470ms -->
