<step title="Incoming Request" date="2026-01-18T01:02:04.094" instance="644818" url="/api/deployments/latest?deployer=OneDeploy&amp;time=2026-01-18_01-00-42Z" method="GET" type="request" pid="768,1,17" Host="investigates-api.scm.azurewebsites.net" User-Agent="GITHUBACTIONS_DeployWebAppToAzure_632f2cf547ba8128d59e8a35d428f54ef36444e6743a1a4062ffdade880fce24" Authorization="Bea..." Content-Type="application/json; charset=utf-8" Cookie="ARRAffinity=644818c0f7c6fe162cbfe986d6c3c34895ec19cbc74b8c6af9740bc1790bb1fe;Path=/;HttpOnly;Secure;Domain=investigates-api.scm.azurewebsites.net; ARRAffinitySameSite=644818c0f7c6fe162cbfe986d6c3c34895ec19cbc74b8c6af9740bc1790bb1fe;Path=/;HttpOnly;SameSite=None;Secure;Domain=investigates-api.scm.azurewebsites.net" Content-Length="0" X-ARR-LOG-ID="6083bbb9-bcab-4bb9-8508-0c4ec7067c67" CLIENT-IP="74.235.151.5:63512" X-SITE-DEPLOYMENT-ID="investigates-api" WAS-DEFAULT-HOSTNAME="investigates-api.scm.azurewebsites.net" X-Forwarded-Proto="https" X-AppService-Proto="https" X-Forwarded-TlsVersion="1.3" X-WAWS-Unencoded-URL="/api/deployments/latest?deployer=OneDeploy&amp;time=2026-01-18_01-00-42Z" X-Client-IP="74.235.151.5" X-Client-Port="63512" >
  <step title="Cleanup Xml Logs" date="2026-01-18T01:02:04.097" >
    <step title="Cleanup Infos" date="2026-01-18T01:02:04.187" totalFiles="202" totalCleanup="42" /><!-- duration: 30ms -->
  </step><!-- duration: 138ms -->
  <step title="DeploymentService.GetResult" date="2026-01-18T01:02:04.268" >
    <step title="DeploymentService.GetLatestDeployment" date="2026-01-18T01:02:04.296" >
      <step title="DeploymentManager.GetResults" date="2026-01-18T01:02:04.306" /><!-- duration: 1802ms -->
    </step><!-- duration: 1861ms -->
  </step><!-- duration: 1939ms -->
  <step title="Outgoing response" date="2026-01-18T01:02:06.268" type="response" statusCode="202" statusText="Accepted" /><!-- duration: 62ms -->
</step><!-- duration: 2304ms -->
