<step title="Incoming Request" date="2026-01-18T15:16:13.463" instance="644818" url="/api/deployments/latest?deployer=OneDeploy&amp;time=2026-01-18_15-15-24Z" method="GET" type="request" pid="768,1,59" Host="investigates-api.scm.azurewebsites.net" User-Agent="GITHUBACTIONS_DeployWebAppToAzure_632f2cf547ba8128d59e8a35d428f54ef36444e6743a1a4062ffdade880fce24" Authorization="Bea..." Content-Type="application/json; charset=utf-8" Cookie="ARRAffinity=644818c0f7c6fe162cbfe986d6c3c34895ec19cbc74b8c6af9740bc1790bb1fe;Path=/;HttpOnly;Secure;Domain=investigates-api.scm.azurewebsites.net; ARRAffinitySameSite=644818c0f7c6fe162cbfe986d6c3c34895ec19cbc74b8c6af9740bc1790bb1fe;Path=/;HttpOnly;SameSite=None;Secure;Domain=investigates-api.scm.azurewebsites.net" Content-Length="0" X-ARR-LOG-ID="9898ebc1-0751-486e-a3fe-1b7799eadf29" CLIENT-IP="52.176.124.225:42944" X-SITE-DEPLOYMENT-ID="investigates-api" WAS-DEFAULT-HOSTNAME="investigates-api.scm.azurewebsites.net" X-Forwarded-Proto="https" X-AppService-Proto="https" X-Forwarded-TlsVersion="1.3" X-WAWS-Unencoded-URL="/api/deployments/latest?deployer=OneDeploy&amp;time=2026-01-18_15-15-24Z" X-Client-IP="52.176.124.225" X-Client-Port="42944" >
  <step title="Cleanup Xml Logs" date="2026-01-18T15:16:13.481" >
    <step title="Cleanup Infos" date="2026-01-18T15:16:13.561" totalFiles="263" totalCleanup="103" /><!-- duration: 22ms -->
  </step><!-- duration: 140ms -->
  <step title="DeploymentService.GetResult" date="2026-01-18T15:16:13.682" >
    <step title="DeploymentService.GetLatestDeployment" date="2026-01-18T15:16:13.713" >
      <step title="DeploymentManager.GetResults" date="2026-01-18T15:16:13.751" /><!-- duration: 1943ms -->
    </step><!-- duration: 2031ms -->
  </step><!-- duration: 2082ms -->
  <step title="Outgoing response" date="2026-01-18T15:16:15.803" type="response" statusCode="202" statusText="Accepted" /><!-- duration: 31ms -->
</step><!-- duration: 2401ms -->
