<step title="Incoming Request" date="2026-01-20T14:50:17.740" instance="644818" url="/api/deployments/latest?deployer=OneDeploy&amp;time=2026-01-20_14-49-08Z" method="GET" type="request" pid="768,1,91" Host="investigates-api.scm.azurewebsites.net" User-Agent="GITHUBACTIONS_DeployWebAppToAzure_632f2cf547ba8128d59e8a35d428f54ef36444e6743a1a4062ffdade880fce24" Authorization="Bea..." Content-Type="application/json; charset=utf-8" Cookie="ARRAffinity=644818c0f7c6fe162cbfe986d6c3c34895ec19cbc74b8c6af9740bc1790bb1fe;Path=/;HttpOnly;Secure;Domain=investigates-api.scm.azurewebsites.net; ARRAffinitySameSite=644818c0f7c6fe162cbfe986d6c3c34895ec19cbc74b8c6af9740bc1790bb1fe;Path=/;HttpOnly;SameSite=None;Secure;Domain=investigates-api.scm.azurewebsites.net" Content-Length="0" X-ARR-LOG-ID="8fc8479e-fabd-4054-ba36-66458fa8f629" CLIENT-IP="135.232.216.49:16393" X-SITE-DEPLOYMENT-ID="investigates-api" WAS-DEFAULT-HOSTNAME="investigates-api.scm.azurewebsites.net" X-Forwarded-Proto="https" X-AppService-Proto="https" X-Forwarded-TlsVersion="1.3" X-WAWS-Unencoded-URL="/api/deployments/latest?deployer=OneDeploy&amp;time=2026-01-20_14-49-08Z" X-Client-IP="135.232.216.49" X-Client-Port="16393" >
  <step title="Cleanup Xml Logs" date="2026-01-20T14:50:17.758" >
    <step title="Cleanup Infos" date="2026-01-20T14:50:17.852" totalFiles="323" totalCleanup="163" /><!-- duration: 30ms -->
  </step><!-- duration: 161ms -->
  <step title="DeploymentService.GetResult" date="2026-01-20T14:50:17.980" >
    <step title="DeploymentService.GetLatestDeployment" date="2026-01-20T14:50:18.000" >
      <step title="DeploymentManager.GetResults" date="2026-01-20T14:50:18.208" /><!-- duration: 1988ms -->
    </step><!-- duration: 2236ms -->
  </step><!-- duration: 2277ms -->
  <step title="Outgoing response" date="2026-01-20T14:50:20.297" type="response" statusCode="202" statusText="Accepted" /><!-- duration: 19ms -->
</step><!-- duration: 2596ms -->
