<step title="BackgroundTrace" date="2026-01-21T16:42:00.628" instance="644818" url="/api/publish" method="POST" >
  <step title="Creating temporary deployment - FetchDeploymentManager" date="2026-01-21T16:42:00.727" /><!-- duration: 6ms -->
  <step title="Creating temporary deployment" date="2026-01-21T16:42:00.740" /><!-- duration: 60ms -->
  <step title="Performing fetch based deployment" date="2026-01-21T16:42:00.841" >
    <step title="Cleaning up temp folders from previous zip deployments and extracting pushed zip file /tmp/zipdeploy/1bf32e8d-2c94-4553-ae78-fd317284e1a2.zip (0.06 MB) to /tmp/zipdeploy/extracted" date="2026-01-21T16:42:02.195" >
      <step title="ChmodRecursive Process exited with total time taken in ms: 353" date="2026-01-21T16:42:02.961" /><!-- duration: 60ms -->
    </step><!-- duration: 876ms -->
    <step title="Deployment timer started" date="2026-01-21T16:42:05.190" >
      <step title="DeploymentManager.Deploy(id:ff8d9b80-c93b-44e3-907d-71d158c1bacf)" date="2026-01-21T16:42:05.220" >
        <step title="Collecting changeset information" date="2026-01-21T16:42:05.329" /><!-- duration: 244ms -->
        <step title="Updating submodules" date="2026-01-21T16:42:05.587" /><!-- duration: 1203ms -->
        <step title="Determining deployment builder" date="2026-01-21T16:42:07.026" >
          <step title="Builder is OryxBuilder" date="2026-01-21T16:42:07.048" /><!-- duration: 4ms -->
        </step><!-- duration: 30ms -->
        <step title="PreDeployment: context.CleanOutputPath False" date="2026-01-21T16:42:07.124" >
          <step title="PreDeployment: context.OutputPath /home/site/wwwroot" date="2026-01-21T16:42:07.256" >
            <step title="Building" date="2026-01-21T16:42:07.402" >
              <step title="Executing external process" date="2026-01-21T16:42:07.743" type="process" path="bash" arguments="-c &quot;oryx build /tmp/zipdeploy/extracted -o /home/site/wwwroot --platform python --platform-version 3.12 -p virtualenv_name=antenv --log-file /tmp/build-debug.log  -i /tmp/8de590c03c1157a --compress-destination-dir | tee /tmp/oryx-build.log ; exit $PIPESTATUS &quot;" /><!-- duration: 124232ms -->
              <step title="Using PythonDeploymentLogParser" date="2026-01-21T16:44:12.346" /><!-- duration: 4ms -->
              <step title="Modified file to trigger a restart of the app container." date="2026-01-21T16:44:13.610" /><!-- duration: 6ms -->
              <step title="Skip function trigger and logicapp sync because function is not enabled." date="2026-01-21T16:44:13.624" /><!-- duration: 12ms -->
              <step title="Purge deployment items" date="2026-01-21T16:44:15.488" >
                <step title="Remove c7ff4f94-, Success, received at 01/21/2026 09:27:06" date="2026-01-21T16:44:15.550" /><!-- duration: 4ms -->
              </step><!-- duration: 71ms -->
            </step><!-- duration: 128228ms -->
          </step><!-- duration: 128382ms -->
          <step title="Cleaning up temp files" date="2026-01-21T16:44:15.643" /><!-- duration: 517ms -->
          <step title="Cleaning up temp files" date="2026-01-21T16:44:16.165" /><!-- duration: 505ms -->
          <step title="Reloading status file with latest updates" date="2026-01-21T16:44:16.697" >
            <step title="WebHooksManager.PublishEventAsync: PostDeployment" date="2026-01-21T16:44:16.702" /><!-- duration: 44ms -->
          </step><!-- duration: 55ms -->
          <step title="Cleaning up temporary deployment - fetch deployment was successful" date="2026-01-21T16:44:16.760" /><!-- duration: 4ms -->
        </step><!-- duration: 129695ms -->
      </step><!-- duration: 131626ms -->
