<step title="Incoming Request" date="2026-01-18T15:15:55.768" instance="644818" url="/api/deployments/latest?deployer=OneDeploy&amp;time=2026-01-18_15-15-24Z" method="GET" type="request" pid="768,1,69" Host="investigates-api.scm.azurewebsites.net" User-Agent="GITHUBACTIONS_DeployWebAppToAzure_632f2cf547ba8128d59e8a35d428f54ef36444e6743a1a4062ffdade880fce24" Authorization="Bea..." Content-Type="application/json; charset=utf-8" Cookie="ARRAffinity=644818c0f7c6fe162cbfe986d6c3c34895ec19cbc74b8c6af9740bc1790bb1fe;Path=/;HttpOnly;Secure;Domain=investigates-api.scm.azurewebsites.net; ARRAffinitySameSite=644818c0f7c6fe162cbfe986d6c3c34895ec19cbc74b8c6af9740bc1790bb1fe;Path=/;HttpOnly;SameSite=None;Secure;Domain=investigates-api.scm.azurewebsites.net" Content-Length="0" X-ARR-LOG-ID="5475b255-6cb9-4e0d-9a1d-3f12eb62212d" CLIENT-IP="52.176.124.225:42944" X-SITE-DEPLOYMENT-ID="investigates-api" WAS-DEFAULT-HOSTNAME="investigates-api.scm.azurewebsites.net" X-Forwarded-Proto="https" X-AppService-Proto="https" X-Forwarded-TlsVersion="1.3" X-WAWS-Unencoded-URL="/api/deployments/latest?deployer=OneDeploy&amp;time=2026-01-18_15-15-24Z" X-Client-IP="52.176.124.225" X-Client-Port="42944" >
  <step title="Cleanup Xml Logs" date="2026-01-18T15:15:55.808" >
    <step title="Cleanup Infos" date="2026-01-18T15:15:55.928" totalFiles="261" totalCleanup="101" /><!-- duration: 29ms -->
  </step><!-- duration: 181ms -->
  <step title="DeploymentService.GetResult" date="2026-01-18T15:15:56.048" >
    <step title="DeploymentService.GetLatestDeployment" date="2026-01-18T15:15:56.089" >
      <step title="DeploymentManager.GetResults" date="2026-01-18T15:15:56.129" /><!-- duration: 2081ms -->
    </step><!-- duration: 2154ms -->
  </step><!-- duration: 2213ms -->
  <step title="Outgoing response" date="2026-01-18T15:15:58.334" type="response" statusCode="202" statusText="Accepted" /><!-- duration: 39ms -->
</step><!-- duration: 2625ms -->
