<step title="Incoming Request" date="2026-01-20T14:49:38.939" instance="644818" url="/api/deployments/latest?deployer=OneDeploy&amp;time=2026-01-20_14-49-08Z" method="GET" type="request" pid="768,1,91" Host="investigates-api.scm.azurewebsites.net" User-Agent="GITHUBACTIONS_DeployWebAppToAzure_632f2cf547ba8128d59e8a35d428f54ef36444e6743a1a4062ffdade880fce24" Authorization="Bea..." Content-Type="application/json; charset=utf-8" Cookie="ARRAffinity=644818c0f7c6fe162cbfe986d6c3c34895ec19cbc74b8c6af9740bc1790bb1fe;Path=/;HttpOnly;Secure;Domain=investigates-api.scm.azurewebsites.net; ARRAffinitySameSite=644818c0f7c6fe162cbfe986d6c3c34895ec19cbc74b8c6af9740bc1790bb1fe;Path=/;HttpOnly;SameSite=None;Secure;Domain=investigates-api.scm.azurewebsites.net" Content-Length="0" X-ARR-LOG-ID="539f18ec-5656-4724-84c9-6f171ddce034" CLIENT-IP="135.232.216.49:16392" X-SITE-DEPLOYMENT-ID="investigates-api" WAS-DEFAULT-HOSTNAME="investigates-api.scm.azurewebsites.net" X-Forwarded-Proto="https" X-AppService-Proto="https" X-Forwarded-TlsVersion="1.3" X-WAWS-Unencoded-URL="/api/deployments/latest?deployer=OneDeploy&amp;time=2026-01-20_14-49-08Z" X-Client-IP="135.232.216.49" X-Client-Port="16392" >
  <step title="Cleanup Xml Logs" date="2026-01-20T14:49:38.970" >
    <step title="Cleanup Infos" date="2026-01-20T14:49:39.039" totalFiles="318" totalCleanup="158" /><!-- duration: 30ms -->
  </step><!-- duration: 118ms -->
  <step title="DeploymentService.GetResult" date="2026-01-20T14:49:39.120" >
    <step title="DeploymentService.GetLatestDeployment" date="2026-01-20T14:49:39.138" >
      <step title="DeploymentManager.GetResults" date="2026-01-20T14:49:39.160" /><!-- duration: 1022ms -->
    </step><!-- duration: 1067ms -->
  </step><!-- duration: 1122ms -->
  <step title="Outgoing response" date="2026-01-20T14:49:40.254" type="response" statusCode="202" statusText="Accepted" /><!-- duration: 20ms -->
</step><!-- duration: 1359ms -->
