<step title="Incoming Request" date="2026-01-21T14:54:04.079" instance="644818" url="/api/deployments/latest?deployer=OneDeploy&amp;time=2026-01-21_14-53-04Z" method="GET" type="request" pid="771,1,33" Host="investigates-api.scm.azurewebsites.net" User-Agent="GITHUBACTIONS_DeployWebAppToAzure_632f2cf547ba8128d59e8a35d428f54ef36444e6743a1a4062ffdade880fce24" Authorization="Bea..." Content-Type="application/json; charset=utf-8" Cookie="ARRAffinity=644818c0f7c6fe162cbfe986d6c3c34895ec19cbc74b8c6af9740bc1790bb1fe;Path=/;HttpOnly;Secure;Domain=investigates-api.scm.azurewebsites.net; ARRAffinitySameSite=644818c0f7c6fe162cbfe986d6c3c34895ec19cbc74b8c6af9740bc1790bb1fe;Path=/;HttpOnly;SameSite=None;Secure;Domain=investigates-api.scm.azurewebsites.net" Content-Length="0" X-ARR-LOG-ID="c2c43aa6-cc99-4b91-bf91-552fde3ff774" CLIENT-IP="104.209.5.146:31744" X-SITE-DEPLOYMENT-ID="investigates-api" WAS-DEFAULT-HOSTNAME="investigates-api.scm.azurewebsites.net" X-Forwarded-Proto="https" X-AppService-Proto="https" X-Forwarded-TlsVersion="1.3" X-WAWS-Unencoded-URL="/api/deployments/latest?deployer=OneDeploy&amp;time=2026-01-21_14-53-04Z" X-Client-IP="104.209.5.146" X-Client-Port="31744" >
  <step title="Cleanup Xml Logs" date="2026-01-21T14:54:04.120" >
    <step title="Cleanup Infos" date="2026-01-21T14:54:04.209" totalFiles="414" totalCleanup="254" /><!-- duration: 31ms -->
  </step><!-- duration: 159ms -->
  <step title="DeploymentService.GetResult" date="2026-01-21T14:54:04.491" >
    <step title="DeploymentService.GetLatestDeployment" date="2026-01-21T14:54:04.592" >
      <step title="DeploymentManager.GetResults" date="2026-01-21T14:54:04.634" /><!-- duration: 2080ms -->
    </step><!-- duration: 2191ms -->
  </step><!-- duration: 2354ms -->
  <step title="Outgoing response" date="2026-01-21T14:54:06.905" type="response" statusCode="202" statusText="Accepted" /><!-- duration: 19ms -->
</step><!-- duration: 2857ms -->
