<step title="Incoming Request" date="2026-01-21T16:42:00.388" instance="644818" url="/api/publish?async=true&amp;deployer=GITHUB_ONE_DEPLOY&amp;type=zip&amp;message=%7B%22type%22%3A%22deployment%22%2C%22sha%22%3A%22d0f4dc25119b07a44c4f51532c9abe93d49bb281%22%2C%22repoName%22%3A%22autthapolsaiyat%2Finvestigates%22%2C%22actor%22%3A%22autthapolsaiyat%22%2C%22slotName%22%3A%22production%22%2C%22commitMessage%22%3A%22feat%3A%20user%20dashboard%20fixes%22%7D" method="POST" type="request" pid="771,1,42" Host="investigates-api.scm.azurewebsites.net" User-Agent="GITHUBACTIONS_DeployWebAppToAzure_632f2cf547ba8128d59e8a35d428f54ef36444e6743a1a4062ffdade880fce24" Authorization="Bea..." Content-Type="application/octet-stream" Cookie="ARRAffinity=644818c0f7c6fe162cbfe986d6c3c34895ec19cbc74b8c6af9740bc1790bb1fe;Path=/;HttpOnly;Secure;Domain=investigates-api.scm.azurewebsites.net; ARRAffinitySameSite=644818c0f7c6fe162cbfe986d6c3c34895ec19cbc74b8c6af9740bc1790bb1fe;Path=/;HttpOnly;SameSite=None;Secure;Domain=investigates-api.scm.azurewebsites.net" Transfer-Encoding="chunked" X-ARR-LOG-ID="8b341baa-0662-4382-b165-5a9aa5acaa23" CLIENT-IP="135.232.232.33:40896" X-SITE-DEPLOYMENT-ID="investigates-api" WAS-DEFAULT-HOSTNAME="investigates-api.scm.azurewebsites.net" X-Forwarded-Proto="https" X-AppService-Proto="https" X-Forwarded-TlsVersion="1.3" X-WAWS-Unencoded-URL="/api/publish?async=true&amp;deployer=GITHUB_ONE_DEPLOY&amp;type=zip&amp;message=%7B%22type%22%3A%22deployment%22%2C%22sha%22%3A%22d0f4dc25119b07a44c4f51532c9abe93d49bb281%22%2C%22repoName%22%3A%22autthapolsaiyat%2Finvestigates%22%2C%22actor%22%3A%22autthapolsaiyat%22%2C%22slotName%22%3A%22production%22%2C%22commitMessage%22%3A%22feat%3A%20user%20dashboard%20fixes%22%7D" X-Client-IP="135.232.232.33" X-Client-Port="40896" >
  <step title="OneDeploy" date="2026-01-21T16:42:00.521" >
    <step title="Starting PushDeployAsync" date="2026-01-21T16:42:00.529" /><!-- duration: 5ms -->
    <step title="Writing artifact to /tmp/zipdeploy/1bf32e8d-2c94-4553-ae78-fd317284e1a2.zip" date="2026-01-21T16:42:00.551" >
      <step title="Writing multipart request body to /tmp/zipdeploy/1bf32e8d-2c94-4553-ae78-fd317284e1a2.zip" date="2026-01-21T16:42:00.557" /><!-- duration: 6ms -->
    </step><!-- duration: 54ms -->
    <step title="Removing previous build artifact&apos;s manifest file" date="2026-01-21T16:42:00.612" >
      <step title="Start deployment in the background" date="2026-01-21T16:42:00.623" >
        <step title="Acquiring Deployment Lock" date="2026-01-21T16:42:00.651" /><!-- duration: 4ms -->
        <step title="Acquired Deployment Lock" date="2026-01-21T16:42:00.718" /><!-- duration: 5ms -->
      </step><!-- duration: 184ms -->
    </step><!-- duration: 208ms -->
    <step title="Outgoing response" date="2026-01-21T16:42:00.825" type="response" statusCode="202" statusText="Accepted" /><!-- duration: 4ms -->
  </step><!-- duration: 312ms -->
