<step title="Incoming Request" date="2026-01-18T15:16:29.685" instance="644818" url="/api/deployments/latest?deployer=OneDeploy&amp;time=2026-01-18_15-15-24Z" method="GET" type="request" pid="768,1,59" Host="investigates-api.scm.azurewebsites.net" User-Agent="GITHUBACTIONS_DeployWebAppToAzure_632f2cf547ba8128d59e8a35d428f54ef36444e6743a1a4062ffdade880fce24" Authorization="Bea..." Content-Type="application/json; charset=utf-8" Cookie="ARRAffinity=644818c0f7c6fe162cbfe986d6c3c34895ec19cbc74b8c6af9740bc1790bb1fe;Path=/;HttpOnly;Secure;Domain=investigates-api.scm.azurewebsites.net; ARRAffinitySameSite=644818c0f7c6fe162cbfe986d6c3c34895ec19cbc74b8c6af9740bc1790bb1fe;Path=/;HttpOnly;SameSite=None;Secure;Domain=investigates-api.scm.azurewebsites.net" Content-Length="0" X-ARR-LOG-ID="6687feaa-12bd-47ee-8b92-cb8b81beecb3" CLIENT-IP="52.176.124.225:42944" X-SITE-DEPLOYMENT-ID="investigates-api" WAS-DEFAULT-HOSTNAME="investigates-api.scm.azurewebsites.net" X-Forwarded-Proto="https" X-AppService-Proto="https" X-Forwarded-TlsVersion="1.3" X-WAWS-Unencoded-URL="/api/deployments/latest?deployer=OneDeploy&amp;time=2026-01-18_15-15-24Z" X-Client-IP="52.176.124.225" X-Client-Port="42944" >
  <step title="Cleanup Xml Logs" date="2026-01-18T15:16:29.717" >
    <step title="Cleanup Infos" date="2026-01-18T15:16:29.815" totalFiles="265" totalCleanup="105" /><!-- duration: 46ms -->
  </step><!-- duration: 163ms -->
  <step title="DeploymentService.GetResult" date="2026-01-18T15:16:29.923" >
    <step title="DeploymentService.GetLatestDeployment" date="2026-01-18T15:16:29.941" >
      <step title="DeploymentManager.GetResults" date="2026-01-18T15:16:29.971" /><!-- duration: 1227ms -->
    </step><!-- duration: 1287ms -->
  </step><!-- duration: 1316ms -->
  <step title="Outgoing response" date="2026-01-18T15:16:31.256" type="response" statusCode="202" statusText="Accepted" /><!-- duration: 10ms -->
</step><!-- duration: 1592ms -->
