<step title="BackgroundTrace" date="2026-01-08T15:36:36.576" instance="644818" url="/api/publish" method="POST" >
  <step title="Creating temporary deployment - FetchDeploymentManager" date="2026-01-08T15:36:36.699" /><!-- duration: 3ms -->
  <step title="Creating temporary deployment" date="2026-01-08T15:36:36.707" /><!-- duration: 111ms -->
  <step title="Performing fetch based deployment" date="2026-01-08T15:36:36.856" >
    <step title="Cleaning up temp folders from previous zip deployments and extracting pushed zip file /tmp/zipdeploy/a0060ef3-e9bf-4b20-a6f7-60577c90be7c.zip (0.03 MB) to /tmp/zipdeploy/extracted" date="2026-01-08T15:36:38.756" >
      <step title="ChmodRecursive Process exited with total time taken in ms: 119" date="2026-01-08T15:36:38.940" /><!-- duration: 7ms -->
    </step><!-- duration: 199ms -->
    <step title="Deployment timer started" date="2026-01-08T15:36:40.977" >
      <step title="DeploymentManager.Deploy(id:aa218cbf-650d-4b9d-9188-31642fc00db0)" date="2026-01-08T15:36:40.984" >
        <step title="Collecting changeset information" date="2026-01-08T15:36:41.031" /><!-- duration: 86ms -->
        <step title="Updating submodules" date="2026-01-08T15:36:41.125" /><!-- duration: 1135ms -->
        <step title="Determining deployment builder" date="2026-01-08T15:36:42.488" >
          <step title="Builder is OryxBuilder" date="2026-01-08T15:36:42.512" /><!-- duration: 5ms -->
        </step><!-- duration: 34ms -->
        <step title="PreDeployment: context.CleanOutputPath False" date="2026-01-08T15:36:42.587" >
          <step title="PreDeployment: context.OutputPath /home/site/wwwroot" date="2026-01-08T15:36:42.703" >
            <step title="Building" date="2026-01-08T15:36:42.873" >
              <step title="Executing external process" date="2026-01-08T15:36:43.198" type="process" path="bash" arguments="-c &quot;oryx build /tmp/zipdeploy/extracted -o /home/site/wwwroot --platform python --platform-version 3.12 -p virtualenv_name=antenv --log-file /tmp/build-debug.log  -i /tmp/8de4ecbb92ec076 --compress-destination-dir | tee /tmp/oryx-build.log ; exit $PIPESTATUS &quot;" >
                <step title="Cpu: python(3066,28.540s)+ts(3067,0.100s)+build.sh(3065,0.000s)+build.sh(3064,0.000s)+build.sh(2981,0.070s)+oryx(2963,4.820s)+tee(2964,0.000s)+bash(2962,0.010s)=total(33.520s)" date="2026-01-08T15:38:07.187" /><!-- duration: 21ms -->
                <step title="bash: no io activity for 60s, prev-cpu=-1.000s, current-cpu=33.520s" date="2026-01-08T15:38:07.237" /><!-- duration: 29ms -->
              </step><!-- duration: 117008ms -->
              <step title="Using PythonDeploymentLogParser" date="2026-01-08T15:38:40.547" /><!-- duration: 9ms -->
              <step title="Modified file to trigger a restart of the app container." date="2026-01-08T15:38:42.339" /><!-- duration: 4ms -->
              <step title="Skip function trigger and logicapp sync because function is not enabled." date="2026-01-08T15:38:42.359" /><!-- duration: 5ms -->
            </step><!-- duration: 120676ms -->
          </step><!-- duration: 120855ms -->
          <step title="Cleaning up temp files" date="2026-01-08T15:38:43.562" /><!-- duration: 607ms -->
          <step title="Cleaning up temp files" date="2026-01-08T15:38:44.174" /><!-- duration: 513ms -->
          <step title="Reloading status file with latest updates" date="2026-01-08T15:38:44.746" >
            <step title="WebHooksManager.PublishEventAsync: PostDeployment" date="2026-01-08T15:38:44.767" /><!-- duration: 90ms -->
          </step><!-- duration: 121ms -->
          <step title="Cleaning up temporary deployment - fetch deployment was successful" date="2026-01-08T15:38:44.887" /><!-- duration: 4ms -->
        </step><!-- duration: 122402ms -->
      </step><!-- duration: 124083ms -->
