<step title="Incoming Request" date="2026-01-18T15:57:44.749" instance="644818" url="/api/deployments/latest?deployer=OneDeploy&amp;time=2026-01-18_15-55-54Z" method="GET" type="request" pid="768,1,36" Host="investigates-api.scm.azurewebsites.net" User-Agent="GITHUBACTIONS_DeployWebAppToAzure_632f2cf547ba8128d59e8a35d428f54ef36444e6743a1a4062ffdade880fce24" Authorization="Bea..." Content-Type="application/json; charset=utf-8" Cookie="ARRAffinity=644818c0f7c6fe162cbfe986d6c3c34895ec19cbc74b8c6af9740bc1790bb1fe;Path=/;HttpOnly;Secure;Domain=investigates-api.scm.azurewebsites.net; ARRAffinitySameSite=644818c0f7c6fe162cbfe986d6c3c34895ec19cbc74b8c6af9740bc1790bb1fe;Path=/;HttpOnly;SameSite=None;Secure;Domain=investigates-api.scm.azurewebsites.net" Content-Length="0" X-ARR-LOG-ID="877714bc-ba96-41f1-af46-87928bfbd202" CLIENT-IP="64.236.140.192:54336" X-SITE-DEPLOYMENT-ID="investigates-api" WAS-DEFAULT-HOSTNAME="investigates-api.scm.azurewebsites.net" X-Forwarded-Proto="https" X-AppService-Proto="https" X-Forwarded-TlsVersion="1.3" X-WAWS-Unencoded-URL="/api/deployments/latest?deployer=OneDeploy&amp;time=2026-01-18_15-55-54Z" X-Client-IP="64.236.140.192" X-Client-Port="54336" >
  <step title="Cleanup Xml Logs" date="2026-01-18T15:57:44.770" >
    <step title="Cleanup Infos" date="2026-01-18T15:57:44.908" totalFiles="299" totalCleanup="139" /><!-- duration: 53ms -->
  </step><!-- duration: 202ms -->
  <step title="DeploymentService.GetResult" date="2026-01-18T15:57:45.049" >
    <step title="DeploymentService.GetLatestDeployment" date="2026-01-18T15:57:45.061" >
      <step title="DeploymentManager.GetResults" date="2026-01-18T15:57:45.099" /><!-- duration: 2123ms -->
    </step><!-- duration: 2320ms -->
  </step><!-- duration: 2373ms -->
  <step title="Outgoing response" date="2026-01-18T15:57:47.491" type="response" statusCode="202" statusText="Accepted" /><!-- duration: 40ms -->
</step><!-- duration: 2793ms -->
