<step title="BackgroundTrace" date="2026-01-18T08:39:04.646" instance="644818" url="/api/publish" method="POST" >
  <step title="Creating temporary deployment - FetchDeploymentManager" date="2026-01-18T08:39:04.747" /><!-- duration: 4ms -->
  <step title="Creating temporary deployment" date="2026-01-18T08:39:04.758" /><!-- duration: 161ms -->
  <step title="Performing fetch based deployment" date="2026-01-18T08:39:05.038" >
    <step title="Cleaning up temp folders from previous zip deployments and extracting pushed zip file /tmp/zipdeploy/b2e35bd6-bda7-4b38-93cf-80cacf3c5bca.zip (0.04 MB) to /tmp/zipdeploy/extracted" date="2026-01-18T08:39:06.370" >
      <step title="ChmodRecursive Process exited with total time taken in ms: 100" date="2026-01-18T08:39:06.555" /><!-- duration: 11ms -->
    </step><!-- duration: 204ms -->
    <step title="Deployment timer started" date="2026-01-18T08:39:08.669" >
      <step title="DeploymentManager.Deploy(id:3864f524-c444-4287-9085-9edcaa4b46cc)" date="2026-01-18T08:39:08.679" >
        <step title="Collecting changeset information" date="2026-01-18T08:39:08.727" /><!-- duration: 88ms -->
        <step title="Updating submodules" date="2026-01-18T08:39:08.821" /><!-- duration: 1154ms -->
        <step title="Determining deployment builder" date="2026-01-18T08:39:10.218" >
          <step title="Builder is OryxBuilder" date="2026-01-18T08:39:10.240" /><!-- duration: 5ms -->
        </step><!-- duration: 32ms -->
        <step title="PreDeployment: context.CleanOutputPath False" date="2026-01-18T08:39:10.313" >
          <step title="PreDeployment: context.OutputPath /home/site/wwwroot" date="2026-01-18T08:39:10.431" >
            <step title="Building" date="2026-01-18T08:39:10.607" >
              <step title="Executing external process" date="2026-01-18T08:39:10.924" type="process" path="bash" arguments="-c &quot;oryx build /tmp/zipdeploy/extracted -o /home/site/wwwroot --platform python --platform-version 3.12 -p virtualenv_name=antenv --log-file /tmp/build-debug.log  -i /tmp/8de566d0cfe9523 --compress-destination-dir | tee /tmp/oryx-build.log ; exit $PIPESTATUS &quot;" /><!-- duration: 95997ms -->
              <step title="Using PythonDeploymentLogParser" date="2026-01-18T08:40:47.293" /><!-- duration: 6ms -->
              <step title="Modified file to trigger a restart of the app container." date="2026-01-18T08:40:48.509" /><!-- duration: 6ms -->
              <step title="Skip function trigger and logicapp sync because function is not enabled." date="2026-01-18T08:40:48.521" /><!-- duration: 11ms -->
              <step title="Purge deployment items" date="2026-01-18T08:40:49.572" >
                <step title="Remove eb67563f-, Success, received at 01/08/2026 14:10:00" date="2026-01-18T08:40:49.630" /><!-- duration: 4ms -->
              </step><!-- duration: 68ms -->
            </step><!-- duration: 99118ms -->
          </step><!-- duration: 99301ms -->
          <step title="Cleaning up temp files" date="2026-01-18T08:40:49.737" /><!-- duration: 650ms -->
          <step title="Cleaning up temp files" date="2026-01-18T08:40:50.407" /><!-- duration: 532ms -->
          <step title="Reloading status file with latest updates" date="2026-01-18T08:40:50.971" >
            <step title="WebHooksManager.PublishEventAsync: PostDeployment" date="2026-01-18T08:40:50.976" /><!-- duration: 67ms -->
          </step><!-- duration: 75ms -->
          <step title="Cleaning up temporary deployment - fetch deployment was successful" date="2026-01-18T08:40:51.056" /><!-- duration: 5ms -->
        </step><!-- duration: 100795ms -->
      </step><!-- duration: 102449ms -->
