<step title="Incoming Request" date="2026-01-20T16:14:22.963" instance="644818" url="/api/deployments/latest?deployer=OneDeploy&amp;time=2026-01-20_16-13-44Z" method="GET" type="request" pid="768,1,53" Host="investigates-api.scm.azurewebsites.net" User-Agent="GITHUBACTIONS_DeployWebAppToAzure_632f2cf547ba8128d59e8a35d428f54ef36444e6743a1a4062ffdade880fce24" Authorization="Bea..." Content-Type="application/json; charset=utf-8" Cookie="ARRAffinity=644818c0f7c6fe162cbfe986d6c3c34895ec19cbc74b8c6af9740bc1790bb1fe;Path=/;HttpOnly;Secure;Domain=investigates-api.scm.azurewebsites.net; ARRAffinitySameSite=644818c0f7c6fe162cbfe986d6c3c34895ec19cbc74b8c6af9740bc1790bb1fe;Path=/;HttpOnly;SameSite=None;Secure;Domain=investigates-api.scm.azurewebsites.net" Content-Length="0" X-ARR-LOG-ID="79193d46-f100-4d89-8fad-7fd41b716347" CLIENT-IP="4.246.135.39:62529" X-SITE-DEPLOYMENT-ID="investigates-api" WAS-DEFAULT-HOSTNAME="investigates-api.scm.azurewebsites.net" X-Forwarded-Proto="https" X-AppService-Proto="https" X-Forwarded-TlsVersion="1.3" X-WAWS-Unencoded-URL="/api/deployments/latest?deployer=OneDeploy&amp;time=2026-01-20_16-13-44Z" X-Client-IP="4.246.135.39" X-Client-Port="62529" >
  <step title="Cleanup Xml Logs" date="2026-01-20T16:14:22.973" >
    <step title="Cleanup Infos" date="2026-01-20T16:14:23.021" totalFiles="339" totalCleanup="179" /><!-- duration: 41ms -->
  </step><!-- duration: 100ms -->
  <step title="DeploymentService.GetResult" date="2026-01-20T16:14:23.103" >
    <step title="DeploymentService.GetLatestDeployment" date="2026-01-20T16:14:23.114" >
      <step title="DeploymentManager.GetResults" date="2026-01-20T16:14:23.143" /><!-- duration: 1293ms -->
    </step><!-- duration: 1345ms -->
  </step><!-- duration: 1367ms -->
  <step title="Outgoing response" date="2026-01-20T16:14:24.487" type="response" statusCode="202" statusText="Accepted" /><!-- duration: 13ms -->
</step><!-- duration: 1547ms -->
