<step title="Incoming Request" date="2026-01-21T15:39:48.679" instance="644818" url="/api/publish?async=true&amp;deployer=GITHUB_ONE_DEPLOY&amp;type=zip&amp;message=%7B%22type%22%3A%22deployment%22%2C%22sha%22%3A%226152ba379bc4632528bc9eeb1be2fe9bd7912a6a%22%2C%22repoName%22%3A%22autthapolsaiyat%2Finvestigates%22%2C%22actor%22%3A%22autthapolsaiyat%22%2C%22slotName%22%3A%22production%22%2C%22commitMessage%22%3A%22feat%3A%20login%20tracking%20%2B%20map%20%2B%20subscription%20display%22%7D" method="POST" type="request" pid="771,1,5" Host="investigates-api.scm.azurewebsites.net" User-Agent="GITHUBACTIONS_DeployWebAppToAzure_632f2cf547ba8128d59e8a35d428f54ef36444e6743a1a4062ffdade880fce24" Authorization="Bea..." Content-Type="application/octet-stream" Cookie="ARRAffinity=644818c0f7c6fe162cbfe986d6c3c34895ec19cbc74b8c6af9740bc1790bb1fe;Path=/;HttpOnly;Secure;Domain=investigates-api.scm.azurewebsites.net; ARRAffinitySameSite=644818c0f7c6fe162cbfe986d6c3c34895ec19cbc74b8c6af9740bc1790bb1fe;Path=/;HttpOnly;SameSite=None;Secure;Domain=investigates-api.scm.azurewebsites.net" Transfer-Encoding="chunked" X-ARR-LOG-ID="9fd0a98e-f017-4fd1-bfea-1a39dc861685" CLIENT-IP="52.176.124.231:48128" X-SITE-DEPLOYMENT-ID="investigates-api" WAS-DEFAULT-HOSTNAME="investigates-api.scm.azurewebsites.net" X-Forwarded-Proto="https" X-AppService-Proto="https" X-Forwarded-TlsVersion="1.3" X-WAWS-Unencoded-URL="/api/publish?async=true&amp;deployer=GITHUB_ONE_DEPLOY&amp;type=zip&amp;message=%7B%22type%22%3A%22deployment%22%2C%22sha%22%3A%226152ba379bc4632528bc9eeb1be2fe9bd7912a6a%22%2C%22repoName%22%3A%22autthapolsaiyat%2Finvestigates%22%2C%22actor%22%3A%22autthapolsaiyat%22%2C%22slotName%22%3A%22production%22%2C%22commitMessage%22%3A%22feat%3A%20login%20tracking%20%2B%20map%20%2B%20subscription%20display%22%7D" X-Client-IP="52.176.124.231" X-Client-Port="48128" >
  <step title="OneDeploy" date="2026-01-21T15:39:48.791" >
    <step title="Starting PushDeployAsync" date="2026-01-21T15:39:48.802" /><!-- duration: 5ms -->
    <step title="Writing artifact to /tmp/zipdeploy/a8852896-3d42-4e46-9a4e-c8c692be1ecf.zip" date="2026-01-21T15:39:48.840" >
      <step title="Writing multipart request body to /tmp/zipdeploy/a8852896-3d42-4e46-9a4e-c8c692be1ecf.zip" date="2026-01-21T15:39:48.846" /><!-- duration: 7ms -->
    </step><!-- duration: 37ms -->
    <step title="Removing previous build artifact&apos;s manifest file" date="2026-01-21T15:39:48.884" >
      <step title="Start deployment in the background" date="2026-01-21T15:39:48.902" >
        <step title="Acquiring Deployment Lock" date="2026-01-21T15:39:48.917" /><!-- duration: 5ms -->
        <step title="Acquired Deployment Lock" date="2026-01-21T15:39:48.949" /><!-- duration: 4ms -->
      </step><!-- duration: 140ms -->
    </step><!-- duration: 168ms -->
    <step title="Outgoing response" date="2026-01-21T15:39:49.058" type="response" statusCode="202" statusText="Accepted" /><!-- duration: 4ms -->
  </step><!-- duration: 275ms -->
