<step title="BackgroundTrace" date="2026-01-21T15:39:48.908" instance="644818" url="/api/publish" method="POST" >
  <step title="Creating temporary deployment - FetchDeploymentManager" date="2026-01-21T15:39:48.956" /><!-- duration: 3ms -->
  <step title="Creating temporary deployment" date="2026-01-21T15:39:48.965" /><!-- duration: 72ms -->
  <step title="Performing fetch based deployment" date="2026-01-21T15:39:49.074" >
    <step title="Cleaning up temp folders from previous zip deployments and extracting pushed zip file /tmp/zipdeploy/a8852896-3d42-4e46-9a4e-c8c692be1ecf.zip (0.06 MB) to /tmp/zipdeploy/extracted" date="2026-01-21T15:39:50.467" >
      <step title="ChmodRecursive Process exited with total time taken in ms: 91" date="2026-01-21T15:39:50.719" /><!-- duration: 4ms -->
    </step><!-- duration: 261ms -->
    <step title="Deployment timer started" date="2026-01-21T15:39:52.749" >
      <step title="DeploymentManager.Deploy(id:790e300f-8412-4986-b288-d099cc5ff763)" date="2026-01-21T15:39:52.772" >
        <step title="Collecting changeset information" date="2026-01-21T15:39:52.813" /><!-- duration: 123ms -->
        <step title="Updating submodules" date="2026-01-21T15:39:52.942" /><!-- duration: 1144ms -->
        <step title="Determining deployment builder" date="2026-01-21T15:39:54.336" >
          <step title="Builder is OryxBuilder" date="2026-01-21T15:39:54.355" /><!-- duration: 4ms -->
        </step><!-- duration: 27ms -->
        <step title="PreDeployment: context.CleanOutputPath False" date="2026-01-21T15:39:54.429" >
          <step title="PreDeployment: context.OutputPath /home/site/wwwroot" date="2026-01-21T15:39:54.562" >
            <step title="Building" date="2026-01-21T15:39:54.730" >
              <step title="Executing external process" date="2026-01-21T15:39:55.090" type="process" path="bash" arguments="-c &quot;oryx build /tmp/zipdeploy/extracted -o /home/site/wwwroot --platform python --platform-version 3.12 -p virtualenv_name=antenv --log-file /tmp/build-debug.log  -i /tmp/8de590352e5f9ae --compress-destination-dir | tee /tmp/oryx-build.log ; exit $PIPESTATUS &quot;" /><!-- duration: 107267ms -->
              <step title="Using PythonDeploymentLogParser" date="2026-01-21T15:41:43.086" /><!-- duration: 13ms -->
              <step title="Modified file to trigger a restart of the app container." date="2026-01-21T15:41:44.282" /><!-- duration: 9ms -->
              <step title="Skip function trigger and logicapp sync because function is not enabled." date="2026-01-21T15:41:44.297" /><!-- duration: 12ms -->
              <step title="Purge deployment items" date="2026-01-21T15:41:45.403" >
                <step title="Remove 7fe059c9-, Success, received at 01/20/2026 16:51:55" date="2026-01-21T15:41:45.468" /><!-- duration: 4ms -->
              </step><!-- duration: 73ms -->
            </step><!-- duration: 110820ms -->
          </step><!-- duration: 110996ms -->
          <step title="Cleaning up temp files" date="2026-01-21T15:41:45.562" /><!-- duration: 532ms -->
          <step title="Cleaning up temp files" date="2026-01-21T15:41:46.098" /><!-- duration: 515ms -->
          <step title="Reloading status file with latest updates" date="2026-01-21T15:41:46.649" >
            <step title="WebHooksManager.PublishEventAsync: PostDeployment" date="2026-01-21T15:41:46.654" /><!-- duration: 39ms -->
          </step><!-- duration: 48ms -->
          <step title="Cleaning up temporary deployment - fetch deployment was successful" date="2026-01-21T15:41:46.707" /><!-- duration: 5ms -->
        </step><!-- duration: 112333ms -->
      </step><!-- duration: 114011ms -->
