<step title="Incoming Request" date="2026-01-08T15:13:06.480" instance="644818" url="/api/publish?type=zip&amp;async=True" method="POST" type="request" pid="768,1,38" Accept="*/*" Host="investigates-api.scm.azurewebsites.net" User-Agent="AZURECLI/2.78.0 (HOMEBREW)" Accept-Encoding="gzip, deflate" Authorization="Bea..." Cache-Control="no-cache" Content-Type="application/octet-stream" Cookie="ARRAffinity=644818c0f7c6fe162cbfe986d6c3c34895ec19cbc74b8c6af9740bc1790bb1fe; ARRAffinitySameSite=644818c0f7c6fe162cbfe986d6c3c34895ec19cbc74b8c6af9740bc1790bb1fe" Content-Length="32717" x-ms-client-request-id="853c10be-eca4-11f0-98af-c6eea053c943" x-ms-artifact-checksum="1ab95d9a871df9397bbfd58d9600eb23158985f4d34c412a6e665ba604afb347" X-ARR-LOG-ID="853c10be-eca4-11f0-98af-c6eea053c943" CLIENT-IP="49.228.107.136:55423" X-SITE-DEPLOYMENT-ID="investigates-api" WAS-DEFAULT-HOSTNAME="investigates-api.scm.azurewebsites.net" X-Forwarded-Proto="https" X-AppService-Proto="https" X-Forwarded-TlsVersion="1.3" X-WAWS-Unencoded-URL="/api/publish?type=zip&amp;async=True" X-Client-IP="49.228.107.136" X-Client-Port="55423" >
  <step title="OneDeploy" date="2026-01-08T15:13:06.524" >
    <step title="Starting PushDeployAsync" date="2026-01-08T15:13:06.544" /><!-- duration: 10ms -->
    <step title="Writing artifact to /tmp/zipdeploy/71558cdc-681d-4f55-bc5b-e13ee469fc5e.zip" date="2026-01-08T15:13:06.566" >
      <step title="Writing multipart request body to /tmp/zipdeploy/71558cdc-681d-4f55-bc5b-e13ee469fc5e.zip" date="2026-01-08T15:13:06.570" /><!-- duration: 10ms -->
    </step><!-- duration: 78ms -->
    <step title="Removing previous build artifact&apos;s manifest file" date="2026-01-08T15:13:06.652" >
      <step title="Start deployment in the background" date="2026-01-08T15:13:06.667" >
        <step title="Acquiring Deployment Lock" date="2026-01-08T15:13:06.683" /><!-- duration: 12ms -->
        <step title="Acquired Deployment Lock" date="2026-01-08T15:13:06.754" /><!-- duration: 3ms -->
      </step><!-- duration: 339ms -->
    </step><!-- duration: 361ms -->
    <step title="Outgoing response" date="2026-01-08T15:13:07.019" type="response" statusCode="202" statusText="Accepted" /><!-- duration: 4ms -->
  </step><!-- duration: 503ms -->
