<step title="Incoming Request" date="2026-01-18T15:17:16.180" instance="644818" url="/api/deployments/latest?deployer=OneDeploy&amp;time=2026-01-18_15-15-24Z" method="GET" type="request" pid="768,1,62" Host="investigates-api.scm.azurewebsites.net" User-Agent="GITHUBACTIONS_DeployWebAppToAzure_632f2cf547ba8128d59e8a35d428f54ef36444e6743a1a4062ffdade880fce24" Authorization="Bea..." Content-Type="application/json; charset=utf-8" Cookie="ARRAffinity=644818c0f7c6fe162cbfe986d6c3c34895ec19cbc74b8c6af9740bc1790bb1fe;Path=/;HttpOnly;Secure;Domain=investigates-api.scm.azurewebsites.net; ARRAffinitySameSite=644818c0f7c6fe162cbfe986d6c3c34895ec19cbc74b8c6af9740bc1790bb1fe;Path=/;HttpOnly;SameSite=None;Secure;Domain=investigates-api.scm.azurewebsites.net" Content-Length="0" X-ARR-LOG-ID="36f7ee26-b065-4a0e-97ba-6a196d57c8fe" CLIENT-IP="52.176.124.225:42944" X-SITE-DEPLOYMENT-ID="investigates-api" WAS-DEFAULT-HOSTNAME="investigates-api.scm.azurewebsites.net" X-Forwarded-Proto="https" X-AppService-Proto="https" X-Forwarded-TlsVersion="1.3" X-WAWS-Unencoded-URL="/api/deployments/latest?deployer=OneDeploy&amp;time=2026-01-18_15-15-24Z" X-Client-IP="52.176.124.225" X-Client-Port="42944" >
  <step title="Cleanup Xml Logs" date="2026-01-18T15:17:16.193" >
    <step title="Cleanup Infos" date="2026-01-18T15:17:16.310" totalFiles="271" totalCleanup="111" /><!-- duration: 50ms -->
  </step><!-- duration: 189ms -->
  <step title="DeploymentService.GetResult" date="2026-01-18T15:17:16.443" >
    <step title="DeploymentService.GetLatestDeployment" date="2026-01-18T15:17:16.481" >
      <step title="DeploymentManager.GetResults" date="2026-01-18T15:17:16.511" /><!-- duration: 2461ms -->
    </step><!-- duration: 2531ms -->
  </step><!-- duration: 2608ms -->
  <step title="Outgoing response" date="2026-01-18T15:17:19.081" type="response" statusCode="202" statusText="Accepted" /><!-- duration: 33ms -->
</step><!-- duration: 2973ms -->
