<step title="Incoming Request" date="2026-01-18T15:15:47.766" instance="644818" url="/api/deployments/latest?deployer=OneDeploy&amp;time=2026-01-18_15-15-24Z" method="GET" type="request" pid="768,1,64" Host="investigates-api.scm.azurewebsites.net" User-Agent="GITHUBACTIONS_DeployWebAppToAzure_632f2cf547ba8128d59e8a35d428f54ef36444e6743a1a4062ffdade880fce24" Authorization="Bea..." Content-Type="application/json; charset=utf-8" Cookie="ARRAffinity=644818c0f7c6fe162cbfe986d6c3c34895ec19cbc74b8c6af9740bc1790bb1fe;Path=/;HttpOnly;Secure;Domain=investigates-api.scm.azurewebsites.net; ARRAffinitySameSite=644818c0f7c6fe162cbfe986d6c3c34895ec19cbc74b8c6af9740bc1790bb1fe;Path=/;HttpOnly;SameSite=None;Secure;Domain=investigates-api.scm.azurewebsites.net" Content-Length="0" X-ARR-LOG-ID="f8386947-5084-40a5-a30c-892960b1631d" CLIENT-IP="52.176.124.225:42945" X-SITE-DEPLOYMENT-ID="investigates-api" WAS-DEFAULT-HOSTNAME="investigates-api.scm.azurewebsites.net" X-Forwarded-Proto="https" X-AppService-Proto="https" X-Forwarded-TlsVersion="1.3" X-WAWS-Unencoded-URL="/api/deployments/latest?deployer=OneDeploy&amp;time=2026-01-18_15-15-24Z" X-Client-IP="52.176.124.225" X-Client-Port="42945" >
  <step title="Cleanup Xml Logs" date="2026-01-18T15:15:47.785" >
    <step title="Cleanup Infos" date="2026-01-18T15:15:47.845" totalFiles="260" totalCleanup="100" /><!-- duration: 22ms -->
  </step><!-- duration: 101ms -->
  <step title="DeploymentService.GetResult" date="2026-01-18T15:15:47.917" >
    <step title="DeploymentService.GetLatestDeployment" date="2026-01-18T15:15:47.936" >
      <step title="DeploymentManager.GetResults" date="2026-01-18T15:15:47.966" /><!-- duration: 1819ms -->
    </step><!-- duration: 1878ms -->
  </step><!-- duration: 1916ms -->
  <step title="Outgoing response" date="2026-01-18T15:15:49.864" type="response" statusCode="202" statusText="Accepted" /><!-- duration: 12ms -->
</step><!-- duration: 2121ms -->
