<step title="Incoming Request" date="2026-01-20T16:51:51.520" instance="644818" url="/api/publish?type=zip" method="POST" type="request" pid="768,1,60" Accept="*/*" Host="investigates-api.scm.azurewebsites.net" User-Agent="AZURECLI/2.78.0 (HOMEBREW)" Accept-Encoding="gzip, deflate" Authorization="Bea..." Cache-Control="no-cache" Content-Type="application/octet-stream" Cookie="ARRAffinity=644818c0f7c6fe162cbfe986d6c3c34895ec19cbc74b8c6af9740bc1790bb1fe; ARRAffinitySameSite=644818c0f7c6fe162cbfe986d6c3c34895ec19cbc74b8c6af9740bc1790bb1fe" Content-Length="49281" x-ms-client-request-id="4c2a4b62-f620-11f0-9a10-c6eea053c942" x-ms-artifact-checksum="b9e5e0c503d2e43ac6649837db01f61df4d6df91ec7284128f34a07ff19c0e69" X-ARR-LOG-ID="4c2a4b62-f620-11f0-9a10-c6eea053c942" CLIENT-IP="49.230.241.160:46162" X-SITE-DEPLOYMENT-ID="investigates-api" WAS-DEFAULT-HOSTNAME="investigates-api.scm.azurewebsites.net" X-Forwarded-Proto="https" X-AppService-Proto="https" X-Forwarded-TlsVersion="1.3" X-WAWS-Unencoded-URL="/api/publish?type=zip" X-Client-IP="49.230.241.160" X-Client-Port="46162" >
  <step title="OneDeploy" date="2026-01-20T16:51:51.543" >
    <step title="Starting PushDeployAsync" date="2026-01-20T16:51:51.556" /><!-- duration: 5ms -->
    <step title="Writing artifact to /tmp/zipdeploy/8b2e4de4-cce2-4aca-a561-a39c8b4bbf72.zip" date="2026-01-20T16:51:51.575" >
      <step title="Writing multipart request body to /tmp/zipdeploy/8b2e4de4-cce2-4aca-a561-a39c8b4bbf72.zip" date="2026-01-20T16:51:51.579" /><!-- duration: 4ms -->
    </step><!-- duration: 156ms -->
    <step title="Removing previous build artifact&apos;s manifest file" date="2026-01-20T16:51:51.737" >
      <step title="Attempting to fetch target branch HEAD" date="2026-01-20T16:51:51.755" /><!-- duration: 4ms -->
      <step title="Acquiring Deployment Lock" date="2026-01-20T16:51:51.762" /><!-- duration: 13ms -->
      <step title="Acquired Deployment Lock" date="2026-01-20T16:51:51.816" /><!-- duration: 5ms -->
      <step title="Performing fetch based deployment" date="2026-01-20T16:51:51.832" >
        <step title="Creating temporary deployment" date="2026-01-20T16:51:51.836" /><!-- duration: 153ms -->
        <step title="Releasing Deployment Lock" date="2026-01-20T16:51:53.177" /><!-- duration: 8ms -->
        <step title="Cleaning up temp folders from previous zip deployments and extracting pushed zip file /tmp/zipdeploy/8b2e4de4-cce2-4aca-a561-a39c8b4bbf72.zip (0.05 MB) to /tmp/zipdeploy/extracted" date="2026-01-20T16:51:53.231" >
          <step title="ChmodRecursive Process exited with total time taken in ms: 364" date="2026-01-20T16:51:53.754" /><!-- duration: 10ms -->
        </step><!-- duration: 573ms -->
        <step title="None repository commit" date="2026-01-20T16:51:53.809" >
          <step title="Commit id: 7fe059c9-bc2d-42cb-865e-8d460dbcbac4" date="2026-01-20T16:51:53.816" Message="OneDeploy" AuthorName="N/A" AuthorEmail="N/A" /><!-- duration: 4ms -->
        </step><!-- duration: 17ms -->
        <step title="Deployment timer started" date="2026-01-20T16:51:55.831" >
          <step title="DeploymentManager.Deploy(id:7fe059c9-bc2d-42cb-865e-8d460dbcbac4)" date="2026-01-20T16:51:55.838" >
            <step title="Collecting changeset information" date="2026-01-20T16:51:55.867" /><!-- duration: 94ms -->
            <step title="Updating submodules" date="2026-01-20T16:51:55.967" /><!-- duration: 1133ms -->
            <step title="Determining deployment builder" date="2026-01-20T16:51:57.308" >
              <step title="Builder is OryxBuilder" date="2026-01-20T16:51:57.330" /><!-- duration: 10ms -->
            </step><!-- duration: 36ms -->
            <step title="PreDeployment: context.CleanOutputPath False" date="2026-01-20T16:51:57.398" >
              <step title="PreDeployment: context.OutputPath /home/site/wwwroot" date="2026-01-20T16:51:57.536" >
                <step title="Building" date="2026-01-20T16:51:57.696" >
                  <step title="Executing external process" date="2026-01-20T16:51:58.162" type="process" path="bash" arguments="-c &quot;oryx build /tmp/zipdeploy/extracted -o /home/site/wwwroot --platform python --platform-version 3.12 -p virtualenv_name=antenv --log-file /tmp/build-debug.log  -i /tmp/8de5844392ded24 --compress-destination-dir | tee /tmp/oryx-build.log ; exit $PIPESTATUS &quot;" /><!-- duration: 107573ms -->
                  <step title="Using PythonDeploymentLogParser" date="2026-01-20T16:53:46.185" /><!-- duration: 5ms -->
                  <step title="Modified file to trigger a restart of the app container." date="2026-01-20T16:53:47.498" /><!-- duration: 4ms -->
                  <step title="Skip function trigger and logicapp sync because function is not enabled." date="2026-01-20T16:53:47.507" /><!-- duration: 5ms -->
                  <step title="Purge deployment items" date="2026-01-20T16:53:48.719" >
                    <step title="Remove 0766719e-, Success, received at 01/17/2026 12:54:23" date="2026-01-20T16:53:48.808" /><!-- duration: 4ms -->
                  </step><!-- duration: 97ms -->
                </step><!-- duration: 111232ms -->
              </step><!-- duration: 111402ms -->
              <step title="Cleaning up temp files" date="2026-01-20T16:53:48.942" /><!-- duration: 710ms -->
              <step title="Cleaning up temp files" date="2026-01-20T16:53:49.656" /><!-- duration: 581ms -->
              <step title="Reloading status file with latest updates" date="2026-01-20T16:53:50.312" >
                <step title="WebHooksManager.PublishEventAsync: PostDeployment" date="2026-01-20T16:53:50.331" /><!-- duration: 60ms -->
              </step><!-- duration: 83ms -->
              <step title="Cleaning up temporary deployment - fetch deployment was successful" date="2026-01-20T16:53:50.403" /><!-- duration: 4ms -->
            </step><!-- duration: 113064ms -->
          </step><!-- duration: 114639ms -->
          <step title="Outgoing response" date="2026-01-20T16:53:50.495" type="response" statusCode="200" statusText="OK" /><!-- duration: 4ms -->
        </step><!-- duration: 114675ms -->
