<step title="BackgroundTrace" date="2026-01-08T15:13:06.671" instance="644818" url="/api/publish" method="POST" >
  <step title="Creating temporary deployment - FetchDeploymentManager" date="2026-01-08T15:13:06.761" /><!-- duration: 3ms -->
  <step title="Creating temporary deployment" date="2026-01-08T15:13:06.915" /><!-- duration: 87ms -->
  <step title="Performing fetch based deployment" date="2026-01-08T15:13:07.034" >
    <step title="Cleaning up temp folders from previous zip deployments and extracting pushed zip file /tmp/zipdeploy/71558cdc-681d-4f55-bc5b-e13ee469fc5e.zip (0.03 MB) to /tmp/zipdeploy/extracted" date="2026-01-08T15:13:08.235" >
      <step title="ChmodRecursive Process exited with total time taken in ms: 92" date="2026-01-08T15:13:08.394" /><!-- duration: 30ms -->
    </step><!-- duration: 194ms -->
    <step title="Deployment timer started" date="2026-01-08T15:13:10.439" >
      <step title="DeploymentManager.Deploy(id:57aeafda-4357-448a-97b8-f45c8122e7db)" date="2026-01-08T15:13:10.462" >
        <step title="Collecting changeset information" date="2026-01-08T15:13:10.508" /><!-- duration: 131ms -->
        <step title="Updating submodules" date="2026-01-08T15:13:10.647" /><!-- duration: 1145ms -->
        <step title="Determining deployment builder" date="2026-01-08T15:13:12.646" >
          <step title="Builder is OryxBuilder" date="2026-01-08T15:13:12.669" /><!-- duration: 4ms -->
        </step><!-- duration: 33ms -->
        <step title="PreDeployment: context.CleanOutputPath False" date="2026-01-08T15:13:12.818" >
          <step title="PreDeployment: context.OutputPath /home/site/wwwroot" date="2026-01-08T15:13:13.059" >
            <step title="Building" date="2026-01-08T15:13:13.252" >
              <step title="Executing external process" date="2026-01-08T15:13:13.602" type="process" path="bash" arguments="-c &quot;oryx build /tmp/zipdeploy/extracted -o /home/site/wwwroot --platform python --platform-version 3.12 -p virtualenv_name=antenv --log-file /tmp/build-debug.log  -i /tmp/8de4ec870d8d062 --compress-destination-dir | tee /tmp/oryx-build.log ; exit $PIPESTATUS &quot;" /><!-- duration: 91057ms -->
              <step title="Using PythonDeploymentLogParser" date="2026-01-08T15:14:45.012" /><!-- duration: 20ms -->
              <step title="Modified file to trigger a restart of the app container." date="2026-01-08T15:14:46.223" /><!-- duration: 6ms -->
              <step title="Skip function trigger and logicapp sync because function is not enabled." date="2026-01-08T15:14:46.234" /><!-- duration: 6ms -->
            </step><!-- duration: 94043ms -->
          </step><!-- duration: 94243ms -->
          <step title="Cleaning up temp files" date="2026-01-08T15:14:47.306" /><!-- duration: 516ms -->
          <step title="Cleaning up temp files" date="2026-01-08T15:14:47.827" /><!-- duration: 505ms -->
          <step title="Reloading status file with latest updates" date="2026-01-08T15:14:48.361" >
            <step title="WebHooksManager.PublishEventAsync: PostDeployment" date="2026-01-08T15:14:48.366" /><!-- duration: 39ms -->
          </step><!-- duration: 47ms -->
          <step title="Cleaning up temporary deployment - fetch deployment was successful" date="2026-01-08T15:14:48.415" /><!-- duration: 3ms -->
        </step><!-- duration: 95667ms -->
      </step><!-- duration: 98045ms -->
