<step title="Incoming Request" date="2026-01-21T14:53:12.477" instance="644818" url="/api/deployments/latest?deployer=OneDeploy&amp;time=2026-01-21_14-53-04Z" method="GET" type="request" pid="771,1,43" Host="investigates-api.scm.azurewebsites.net" User-Agent="GITHUBACTIONS_DeployWebAppToAzure_632f2cf547ba8128d59e8a35d428f54ef36444e6743a1a4062ffdade880fce24" Authorization="Bea..." Content-Type="application/json; charset=utf-8" Cookie="ARRAffinity=644818c0f7c6fe162cbfe986d6c3c34895ec19cbc74b8c6af9740bc1790bb1fe;Path=/;HttpOnly;Secure;Domain=investigates-api.scm.azurewebsites.net; ARRAffinitySameSite=644818c0f7c6fe162cbfe986d6c3c34895ec19cbc74b8c6af9740bc1790bb1fe;Path=/;HttpOnly;SameSite=None;Secure;Domain=investigates-api.scm.azurewebsites.net" Content-Length="0" X-ARR-LOG-ID="239795bc-1449-4198-b807-71e71eaa4b84" CLIENT-IP="104.209.5.146:31745" X-SITE-DEPLOYMENT-ID="investigates-api" WAS-DEFAULT-HOSTNAME="investigates-api.scm.azurewebsites.net" X-Forwarded-Proto="https" X-AppService-Proto="https" X-Forwarded-TlsVersion="1.3" X-WAWS-Unencoded-URL="/api/deployments/latest?deployer=OneDeploy&amp;time=2026-01-21_14-53-04Z" X-Client-IP="104.209.5.146" X-Client-Port="31745" >
  <step title="Cleanup Xml Logs" date="2026-01-21T14:53:12.535" >
    <step title="Cleanup Infos" date="2026-01-21T14:53:12.668" totalFiles="407" totalCleanup="247" /><!-- duration: 28ms -->
  </step><!-- duration: 173ms -->
  <step title="DeploymentService.GetResult" date="2026-01-21T14:53:12.748" >
    <step title="DeploymentService.GetLatestDeployment" date="2026-01-21T14:53:12.757" >
      <step title="DeploymentManager.GetResults" date="2026-01-21T14:53:12.761" /><!-- duration: 983ms -->
    </step><!-- duration: 992ms -->
  </step><!-- duration: 1004ms -->
  <step title="Outgoing response" date="2026-01-21T14:53:13.757" type="response" statusCode="202" statusText="Accepted" /><!-- duration: 4ms -->
</step><!-- duration: 1286ms -->
