<step title="Incoming Request" date="2026-01-18T15:56:03.296" instance="644818" url="/api/deployments/latest?deployer=OneDeploy&amp;time=2026-01-18_15-55-54Z" method="GET" type="request" pid="768,1,7" Host="investigates-api.scm.azurewebsites.net" User-Agent="GITHUBACTIONS_DeployWebAppToAzure_632f2cf547ba8128d59e8a35d428f54ef36444e6743a1a4062ffdade880fce24" Authorization="Bea..." Content-Type="application/json; charset=utf-8" Cookie="ARRAffinity=644818c0f7c6fe162cbfe986d6c3c34895ec19cbc74b8c6af9740bc1790bb1fe;Path=/;HttpOnly;Secure;Domain=investigates-api.scm.azurewebsites.net; ARRAffinitySameSite=644818c0f7c6fe162cbfe986d6c3c34895ec19cbc74b8c6af9740bc1790bb1fe;Path=/;HttpOnly;SameSite=None;Secure;Domain=investigates-api.scm.azurewebsites.net" Content-Length="0" X-ARR-LOG-ID="18d2d3c7-8ad4-4f72-95fd-8a5ca527569c" CLIENT-IP="64.236.140.192:54337" X-SITE-DEPLOYMENT-ID="investigates-api" WAS-DEFAULT-HOSTNAME="investigates-api.scm.azurewebsites.net" X-Forwarded-Proto="https" X-AppService-Proto="https" X-Forwarded-TlsVersion="1.3" X-WAWS-Unencoded-URL="/api/deployments/latest?deployer=OneDeploy&amp;time=2026-01-18_15-55-54Z" X-Client-IP="64.236.140.192" X-Client-Port="54337" >
  <step title="Cleanup Xml Logs" date="2026-01-18T15:56:03.324" >
    <step title="Cleanup Infos" date="2026-01-18T15:56:03.434" totalFiles="286" totalCleanup="126" /><!-- duration: 60ms -->
  </step><!-- duration: 242ms -->
  <step title="DeploymentService.GetResult" date="2026-01-18T15:56:03.655" >
    <step title="DeploymentService.GetLatestDeployment" date="2026-01-18T15:56:03.677" >
      <step title="DeploymentManager.GetResults" date="2026-01-18T15:56:03.726" /><!-- duration: 2234ms -->
    </step><!-- duration: 2303ms -->
  </step><!-- duration: 2335ms -->
  <step title="Outgoing response" date="2026-01-18T15:56:06.010" type="response" statusCode="202" statusText="Accepted" /><!-- duration: 20ms -->
</step><!-- duration: 2745ms -->
