<step title="Incoming Request" date="2026-01-18T15:55:54.341" instance="644818" url="/api/publish?async=true&amp;deployer=GITHUB_ONE_DEPLOY&amp;type=zip&amp;message=%7B%22type%22%3A%22deployment%22%2C%22sha%22%3A%22dc95c730a2b8c9afa6b619aa4bb041b29a2bba81%22%2C%22repoName%22%3A%22autthapolsaiyat%2Finvestigates%22%2C%22actor%22%3A%22autthapolsaiyat%22%2C%22slotName%22%3A%22production%22%2C%22commitMessage%22%3A%22%22%7D" method="POST" type="request" pid="768,1,7" Host="investigates-api.scm.azurewebsites.net" User-Agent="GITHUBACTIONS_DeployWebAppToAzure_632f2cf547ba8128d59e8a35d428f54ef36444e6743a1a4062ffdade880fce24" Authorization="Bea..." Content-Type="application/octet-stream" Cookie="ARRAffinity=644818c0f7c6fe162cbfe986d6c3c34895ec19cbc74b8c6af9740bc1790bb1fe;Path=/;HttpOnly;Secure;Domain=investigates-api.scm.azurewebsites.net; ARRAffinitySameSite=644818c0f7c6fe162cbfe986d6c3c34895ec19cbc74b8c6af9740bc1790bb1fe;Path=/;HttpOnly;SameSite=None;Secure;Domain=investigates-api.scm.azurewebsites.net" Transfer-Encoding="chunked" X-ARR-LOG-ID="faa9e504-72e6-40d5-8d2e-50c894bbe110" CLIENT-IP="64.236.140.192:54336" X-SITE-DEPLOYMENT-ID="investigates-api" WAS-DEFAULT-HOSTNAME="investigates-api.scm.azurewebsites.net" X-Forwarded-Proto="https" X-AppService-Proto="https" X-Forwarded-TlsVersion="1.3" X-WAWS-Unencoded-URL="/api/publish?async=true&amp;deployer=GITHUB_ONE_DEPLOY&amp;type=zip&amp;message=%7B%22type%22%3A%22deployment%22%2C%22sha%22%3A%22dc95c730a2b8c9afa6b619aa4bb041b29a2bba81%22%2C%22repoName%22%3A%22autthapolsaiyat%2Finvestigates%22%2C%22actor%22%3A%22autthapolsaiyat%22%2C%22slotName%22%3A%22production%22%2C%22commitMessage%22%3A%22%22%7D" X-Client-IP="64.236.140.192" X-Client-Port="54336" >
  <step title="OneDeploy" date="2026-01-18T15:55:54.363" >
    <step title="Starting PushDeployAsync" date="2026-01-18T15:55:54.380" /><!-- duration: 5ms -->
    <step title="Writing artifact to /tmp/zipdeploy/3dcad324-01b9-4dca-9218-9eaf55681334.zip" date="2026-01-18T15:55:54.429" >
      <step title="Writing multipart request body to /tmp/zipdeploy/3dcad324-01b9-4dca-9218-9eaf55681334.zip" date="2026-01-18T15:55:54.433" /><!-- duration: 8ms -->
    </step><!-- duration: 112ms -->
    <step title="Removing previous build artifact&apos;s manifest file" date="2026-01-18T15:55:54.551" >
      <step title="Start deployment in the background" date="2026-01-18T15:55:54.570" >
        <step title="Acquiring Deployment Lock" date="2026-01-18T15:55:54.587" /><!-- duration: 9ms -->
        <step title="Acquired Deployment Lock" date="2026-01-18T15:55:54.634" /><!-- duration: 4ms -->
      </step><!-- duration: 154ms -->
    </step><!-- duration: 184ms -->
    <step title="Outgoing response" date="2026-01-18T15:55:54.740" type="response" statusCode="202" statusText="Accepted" /><!-- duration: 4ms -->
  </step><!-- duration: 385ms -->
