<step title="Incoming Request" date="2026-01-18T15:17:08.792" instance="644818" url="/api/deployments/latest?deployer=OneDeploy&amp;time=2026-01-18_15-15-24Z" method="GET" type="request" pid="768,1,69" Host="investigates-api.scm.azurewebsites.net" User-Agent="GITHUBACTIONS_DeployWebAppToAzure_632f2cf547ba8128d59e8a35d428f54ef36444e6743a1a4062ffdade880fce24" Authorization="Bea..." Content-Type="application/json; charset=utf-8" Cookie="ARRAffinity=644818c0f7c6fe162cbfe986d6c3c34895ec19cbc74b8c6af9740bc1790bb1fe;Path=/;HttpOnly;Secure;Domain=investigates-api.scm.azurewebsites.net; ARRAffinitySameSite=644818c0f7c6fe162cbfe986d6c3c34895ec19cbc74b8c6af9740bc1790bb1fe;Path=/;HttpOnly;SameSite=None;Secure;Domain=investigates-api.scm.azurewebsites.net" Content-Length="0" X-ARR-LOG-ID="eeecb020-4abd-400a-930c-ba8b3ce17d81" CLIENT-IP="52.176.124.225:42946" X-SITE-DEPLOYMENT-ID="investigates-api" WAS-DEFAULT-HOSTNAME="investigates-api.scm.azurewebsites.net" X-Forwarded-Proto="https" X-AppService-Proto="https" X-Forwarded-TlsVersion="1.3" X-WAWS-Unencoded-URL="/api/deployments/latest?deployer=OneDeploy&amp;time=2026-01-18_15-15-24Z" X-Client-IP="52.176.124.225" X-Client-Port="42946" >
  <step title="Cleanup Xml Logs" date="2026-01-18T15:17:08.801" >
    <step title="Cleanup Infos" date="2026-01-18T15:17:08.832" totalFiles="270" totalCleanup="110" /><!-- duration: 28ms -->
  </step><!-- duration: 68ms -->
  <step title="DeploymentService.GetResult" date="2026-01-18T15:17:08.901" >
    <step title="DeploymentService.GetLatestDeployment" date="2026-01-18T15:17:08.912" >
      <step title="DeploymentManager.GetResults" date="2026-01-18T15:17:08.922" /><!-- duration: 1328ms -->
    </step><!-- duration: 1366ms -->
  </step><!-- duration: 1388ms -->
  <step title="Outgoing response" date="2026-01-18T15:17:10.310" type="response" statusCode="202" statusText="Accepted" /><!-- duration: 49ms -->
</step><!-- duration: 1586ms -->
