<step title="Incoming Request" date="2026-01-20T16:14:00.417" instance="644818" url="/api/deployments/latest?deployer=OneDeploy&amp;time=2026-01-20_16-13-44Z" method="GET" type="request" pid="768,1,55" Host="investigates-api.scm.azurewebsites.net" User-Agent="GITHUBACTIONS_DeployWebAppToAzure_632f2cf547ba8128d59e8a35d428f54ef36444e6743a1a4062ffdade880fce24" Authorization="Bea..." Content-Type="application/json; charset=utf-8" Cookie="ARRAffinity=644818c0f7c6fe162cbfe986d6c3c34895ec19cbc74b8c6af9740bc1790bb1fe;Path=/;HttpOnly;Secure;Domain=investigates-api.scm.azurewebsites.net; ARRAffinitySameSite=644818c0f7c6fe162cbfe986d6c3c34895ec19cbc74b8c6af9740bc1790bb1fe;Path=/;HttpOnly;SameSite=None;Secure;Domain=investigates-api.scm.azurewebsites.net" Content-Length="0" X-ARR-LOG-ID="48e4d9e5-dae7-424c-8803-d4cd8f903bb1" CLIENT-IP="4.246.135.39:62528" X-SITE-DEPLOYMENT-ID="investigates-api" WAS-DEFAULT-HOSTNAME="investigates-api.scm.azurewebsites.net" X-Forwarded-Proto="https" X-AppService-Proto="https" X-Forwarded-TlsVersion="1.3" X-WAWS-Unencoded-URL="/api/deployments/latest?deployer=OneDeploy&amp;time=2026-01-20_16-13-44Z" X-Client-IP="4.246.135.39" X-Client-Port="62528" >
  <step title="Cleanup Xml Logs" date="2026-01-20T16:14:00.435" >
    <step title="Cleanup Infos" date="2026-01-20T16:14:00.467" totalFiles="336" totalCleanup="176" /><!-- duration: 20ms -->
  </step><!-- duration: 62ms -->
  <step title="DeploymentService.GetResult" date="2026-01-20T16:14:00.526" >
    <step title="DeploymentService.GetLatestDeployment" date="2026-01-20T16:14:00.538" >
      <step title="DeploymentManager.GetResults" date="2026-01-20T16:14:00.565" /><!-- duration: 1426ms -->
    </step><!-- duration: 1503ms -->
  </step><!-- duration: 1533ms -->
  <step title="Outgoing response" date="2026-01-20T16:14:02.081" type="response" statusCode="202" statusText="Accepted" /><!-- duration: 18ms -->
</step><!-- duration: 1694ms -->
