<step title="Incoming Request" date="2026-01-21T15:40:40.851" instance="644818" url="/api/deployments/latest?deployer=OneDeploy&amp;time=2026-01-21_15-39-49Z" method="GET" type="request" pid="771,1,7" Host="investigates-api.scm.azurewebsites.net" User-Agent="GITHUBACTIONS_DeployWebAppToAzure_632f2cf547ba8128d59e8a35d428f54ef36444e6743a1a4062ffdade880fce24" Authorization="Bea..." Content-Type="application/json; charset=utf-8" Cookie="ARRAffinity=644818c0f7c6fe162cbfe986d6c3c34895ec19cbc74b8c6af9740bc1790bb1fe;Path=/;HttpOnly;Secure;Domain=investigates-api.scm.azurewebsites.net; ARRAffinitySameSite=644818c0f7c6fe162cbfe986d6c3c34895ec19cbc74b8c6af9740bc1790bb1fe;Path=/;HttpOnly;SameSite=None;Secure;Domain=investigates-api.scm.azurewebsites.net" Content-Length="0" X-ARR-LOG-ID="6eeff062-cafa-45e8-b326-5d2653ba7743" CLIENT-IP="52.176.124.231:48129" X-SITE-DEPLOYMENT-ID="investigates-api" WAS-DEFAULT-HOSTNAME="investigates-api.scm.azurewebsites.net" X-Forwarded-Proto="https" X-AppService-Proto="https" X-Forwarded-TlsVersion="1.3" X-WAWS-Unencoded-URL="/api/deployments/latest?deployer=OneDeploy&amp;time=2026-01-21_15-39-49Z" X-Client-IP="52.176.124.231" X-Client-Port="48129" >
  <step title="Cleanup Xml Logs" date="2026-01-21T15:40:40.871" >
    <step title="Cleanup Infos" date="2026-01-21T15:40:41.064" totalFiles="434" totalCleanup="274" /><!-- duration: 27ms -->
  </step><!-- duration: 253ms -->
  <step title="DeploymentService.GetResult" date="2026-01-21T15:40:41.184" >
    <step title="DeploymentService.GetLatestDeployment" date="2026-01-21T15:40:41.222" >
      <step title="DeploymentManager.GetResults" date="2026-01-21T15:40:41.242" /><!-- duration: 1269ms -->
    </step><!-- duration: 1319ms -->
  </step><!-- duration: 1429ms -->
  <step title="Outgoing response" date="2026-01-21T15:40:42.630" type="response" statusCode="202" statusText="Accepted" /><!-- duration: 11ms -->
</step><!-- duration: 1801ms -->
