<step title="Incoming Request" date="2026-01-08T15:07:29.619" instance="644818" url="/api/publish?type=zip&amp;async=True" method="POST" type="request" pid="768,1,35" Accept="*/*" Host="investigates-api.scm.azurewebsites.net" User-Agent="AZURECLI/2.78.0 (HOMEBREW)" Accept-Encoding="gzip, deflate" Authorization="Bea..." Cache-Control="no-cache" Content-Type="application/octet-stream" Cookie="ARRAffinity=644818c0f7c6fe162cbfe986d6c3c34895ec19cbc74b8c6af9740bc1790bb1fe; ARRAffinitySameSite=644818c0f7c6fe162cbfe986d6c3c34895ec19cbc74b8c6af9740bc1790bb1fe" Content-Length="32712" x-ms-client-request-id="bc3110fc-eca3-11f0-b9a3-c6eea053c943" x-ms-artifact-checksum="2ce56a8bda85ec78e979ade966f26e74a5591583e23ee7c98aeebdf84eea4d9d" X-ARR-LOG-ID="bc3110fc-eca3-11f0-b9a3-c6eea053c943" CLIENT-IP="49.228.107.136:55196" X-SITE-DEPLOYMENT-ID="investigates-api" WAS-DEFAULT-HOSTNAME="investigates-api.scm.azurewebsites.net" X-Forwarded-Proto="https" X-AppService-Proto="https" X-Forwarded-TlsVersion="1.3" X-WAWS-Unencoded-URL="/api/publish?type=zip&amp;async=True" X-Client-IP="49.228.107.136" X-Client-Port="55196" >
  <step title="OneDeploy" date="2026-01-08T15:07:29.636" >
    <step title="Starting PushDeployAsync" date="2026-01-08T15:07:29.660" /><!-- duration: 14ms -->
    <step title="Writing artifact to /tmp/zipdeploy/36f1529b-a733-4544-985c-4ccbdb942532.zip" date="2026-01-08T15:07:29.686" >
      <step title="Writing multipart request body to /tmp/zipdeploy/36f1529b-a733-4544-985c-4ccbdb942532.zip" date="2026-01-08T15:07:29.695" /><!-- duration: 6ms -->
    </step><!-- duration: 75ms -->
    <step title="Removing previous build artifact&apos;s manifest file" date="2026-01-08T15:07:29.782" >
      <step title="Start deployment in the background" date="2026-01-08T15:07:29.805" >
        <step title="Acquiring Deployment Lock" date="2026-01-08T15:07:29.833" /><!-- duration: 8ms -->
        <step title="Acquired Deployment Lock" date="2026-01-08T15:07:29.918" /><!-- duration: 4ms -->
      </step><!-- duration: 223ms -->
    </step><!-- duration: 252ms -->
    <step title="Outgoing response" date="2026-01-08T15:07:30.038" type="response" statusCode="202" statusText="Accepted" /><!-- duration: 4ms -->
  </step><!-- duration: 410ms -->
