<step title="Incoming Request" date="2026-01-21T15:41:26.685" instance="644818" url="/api/deployments/latest?deployer=OneDeploy&amp;time=2026-01-21_15-39-49Z" method="GET" type="request" pid="771,1,7" Host="investigates-api.scm.azurewebsites.net" User-Agent="GITHUBACTIONS_DeployWebAppToAzure_632f2cf547ba8128d59e8a35d428f54ef36444e6743a1a4062ffdade880fce24" Authorization="Bea..." Content-Type="application/json; charset=utf-8" Cookie="ARRAffinity=644818c0f7c6fe162cbfe986d6c3c34895ec19cbc74b8c6af9740bc1790bb1fe;Path=/;HttpOnly;Secure;Domain=investigates-api.scm.azurewebsites.net; ARRAffinitySameSite=644818c0f7c6fe162cbfe986d6c3c34895ec19cbc74b8c6af9740bc1790bb1fe;Path=/;HttpOnly;SameSite=None;Secure;Domain=investigates-api.scm.azurewebsites.net" Content-Length="0" X-ARR-LOG-ID="5aab690e-7bec-4e78-b736-41629a6d6fb9" CLIENT-IP="52.176.124.231:48130" X-SITE-DEPLOYMENT-ID="investigates-api" WAS-DEFAULT-HOSTNAME="investigates-api.scm.azurewebsites.net" X-Forwarded-Proto="https" X-AppService-Proto="https" X-Forwarded-TlsVersion="1.3" X-WAWS-Unencoded-URL="/api/deployments/latest?deployer=OneDeploy&amp;time=2026-01-21_15-39-49Z" X-Client-IP="52.176.124.231" X-Client-Port="48130" >
  <step title="Cleanup Xml Logs" date="2026-01-21T15:41:26.694" >
    <step title="Cleanup Infos" date="2026-01-21T15:41:26.756" totalFiles="440" totalCleanup="280" /><!-- duration: 28ms -->
  </step><!-- duration: 111ms -->
  <step title="DeploymentService.GetResult" date="2026-01-21T15:41:26.835" >
    <step title="DeploymentService.GetLatestDeployment" date="2026-01-21T15:41:26.846" >
      <step title="DeploymentManager.GetResults" date="2026-01-21T15:41:26.857" /><!-- duration: 1086ms -->
    </step><!-- duration: 1127ms -->
  </step><!-- duration: 1148ms -->
  <step title="Outgoing response" date="2026-01-21T15:41:28.021" type="response" statusCode="202" statusText="Accepted" /><!-- duration: 13ms -->
</step><!-- duration: 1369ms -->
