<step title="Incoming Request" date="2026-01-18T01:01:47.246" instance="644818" url="/api/deployments/latest?deployer=OneDeploy&amp;time=2026-01-18_01-00-42Z" method="GET" type="request" pid="768,1,7" Host="investigates-api.scm.azurewebsites.net" User-Agent="GITHUBACTIONS_DeployWebAppToAzure_632f2cf547ba8128d59e8a35d428f54ef36444e6743a1a4062ffdade880fce24" Authorization="Bea..." Content-Type="application/json; charset=utf-8" Cookie="ARRAffinity=644818c0f7c6fe162cbfe986d6c3c34895ec19cbc74b8c6af9740bc1790bb1fe;Path=/;HttpOnly;Secure;Domain=investigates-api.scm.azurewebsites.net; ARRAffinitySameSite=644818c0f7c6fe162cbfe986d6c3c34895ec19cbc74b8c6af9740bc1790bb1fe;Path=/;HttpOnly;SameSite=None;Secure;Domain=investigates-api.scm.azurewebsites.net" Content-Length="0" X-ARR-LOG-ID="88c98833-8407-4551-9b4e-000e05054c57" CLIENT-IP="74.235.151.5:63512" X-SITE-DEPLOYMENT-ID="investigates-api" WAS-DEFAULT-HOSTNAME="investigates-api.scm.azurewebsites.net" X-Forwarded-Proto="https" X-AppService-Proto="https" X-Forwarded-TlsVersion="1.3" X-WAWS-Unencoded-URL="/api/deployments/latest?deployer=OneDeploy&amp;time=2026-01-18_01-00-42Z" X-Client-IP="74.235.151.5" X-Client-Port="63512" >
  <step title="Cleanup Xml Logs" date="2026-01-18T01:01:47.264" >
    <step title="Cleanup Infos" date="2026-01-18T01:01:47.345" totalFiles="200" totalCleanup="40" /><!-- duration: 283ms -->
  </step><!-- duration: 433ms -->
  <step title="DeploymentService.GetResult" date="2026-01-18T01:01:47.739" >
    <step title="DeploymentService.GetLatestDeployment" date="2026-01-18T01:01:47.757" >
      <step title="DeploymentManager.GetResults" date="2026-01-18T01:01:47.808" /><!-- duration: 1646ms -->
    </step><!-- duration: 1725ms -->
  </step><!-- duration: 1754ms -->
  <step title="Outgoing response" date="2026-01-18T01:01:49.514" type="response" statusCode="202" statusText="Accepted" /><!-- duration: 10ms -->
</step><!-- duration: 2315ms -->
