<step title="Incoming Request" date="2026-01-20T16:15:01.558" instance="644818" url="/api/deployments/latest?deployer=OneDeploy&amp;time=2026-01-20_16-13-44Z" method="GET" type="request" pid="768,1,53" Host="investigates-api.scm.azurewebsites.net" User-Agent="GITHUBACTIONS_DeployWebAppToAzure_632f2cf547ba8128d59e8a35d428f54ef36444e6743a1a4062ffdade880fce24" Authorization="Bea..." Content-Type="application/json; charset=utf-8" Cookie="ARRAffinity=644818c0f7c6fe162cbfe986d6c3c34895ec19cbc74b8c6af9740bc1790bb1fe;Path=/;HttpOnly;Secure;Domain=investigates-api.scm.azurewebsites.net; ARRAffinitySameSite=644818c0f7c6fe162cbfe986d6c3c34895ec19cbc74b8c6af9740bc1790bb1fe;Path=/;HttpOnly;SameSite=None;Secure;Domain=investigates-api.scm.azurewebsites.net" Content-Length="0" X-ARR-LOG-ID="8eb8f189-1ef5-458a-981c-41b5fa03dbd8" CLIENT-IP="4.246.135.39:62528" X-SITE-DEPLOYMENT-ID="investigates-api" WAS-DEFAULT-HOSTNAME="investigates-api.scm.azurewebsites.net" X-Forwarded-Proto="https" X-AppService-Proto="https" X-Forwarded-TlsVersion="1.3" X-WAWS-Unencoded-URL="/api/deployments/latest?deployer=OneDeploy&amp;time=2026-01-20_16-13-44Z" X-Client-IP="4.246.135.39" X-Client-Port="62528" >
  <step title="Cleanup Xml Logs" date="2026-01-20T16:15:01.580" >
    <step title="Cleanup Infos" date="2026-01-20T16:15:01.649" totalFiles="344" totalCleanup="184" /><!-- duration: 39ms -->
  </step><!-- duration: 128ms -->
  <step title="DeploymentService.GetResult" date="2026-01-20T16:15:01.776" >
    <step title="DeploymentService.GetLatestDeployment" date="2026-01-20T16:15:01.841" >
      <step title="DeploymentManager.GetResults" date="2026-01-20T16:15:01.920" /><!-- duration: 1705ms -->
    </step><!-- duration: 1794ms -->
  </step><!-- duration: 1871ms -->
  <step title="Outgoing response" date="2026-01-20T16:15:03.703" type="response" statusCode="202" statusText="Accepted" /><!-- duration: 44ms -->
</step><!-- duration: 2206ms -->
