<step title="Incoming Request" date="2026-01-18T15:56:56.250" instance="644818" url="/api/deployments/latest?deployer=OneDeploy&amp;time=2026-01-18_15-55-54Z" method="GET" type="request" pid="768,1,45" Host="investigates-api.scm.azurewebsites.net" User-Agent="GITHUBACTIONS_DeployWebAppToAzure_632f2cf547ba8128d59e8a35d428f54ef36444e6743a1a4062ffdade880fce24" Authorization="Bea..." Content-Type="application/json; charset=utf-8" Cookie="ARRAffinity=644818c0f7c6fe162cbfe986d6c3c34895ec19cbc74b8c6af9740bc1790bb1fe;Path=/;HttpOnly;Secure;Domain=investigates-api.scm.azurewebsites.net; ARRAffinitySameSite=644818c0f7c6fe162cbfe986d6c3c34895ec19cbc74b8c6af9740bc1790bb1fe;Path=/;HttpOnly;SameSite=None;Secure;Domain=investigates-api.scm.azurewebsites.net" Content-Length="0" X-ARR-LOG-ID="1dfce71a-0be2-4a3b-a6a3-1cf01f780007" CLIENT-IP="64.236.140.192:54336" X-SITE-DEPLOYMENT-ID="investigates-api" WAS-DEFAULT-HOSTNAME="investigates-api.scm.azurewebsites.net" X-Forwarded-Proto="https" X-AppService-Proto="https" X-Forwarded-TlsVersion="1.3" X-WAWS-Unencoded-URL="/api/deployments/latest?deployer=OneDeploy&amp;time=2026-01-18_15-55-54Z" X-Client-IP="64.236.140.192" X-Client-Port="54336" >
  <step title="Cleanup Xml Logs" date="2026-01-18T15:56:56.268" >
    <step title="Cleanup Infos" date="2026-01-18T15:56:56.378" totalFiles="293" totalCleanup="133" /><!-- duration: 43ms -->
  </step><!-- duration: 172ms -->
  <step title="DeploymentService.GetResult" date="2026-01-18T15:56:56.529" >
    <step title="DeploymentService.GetLatestDeployment" date="2026-01-18T15:56:56.552" >
      <step title="DeploymentManager.GetResults" date="2026-01-18T15:56:56.573" /><!-- duration: 1397ms -->
    </step><!-- duration: 1447ms -->
  </step><!-- duration: 1481ms -->
  <step title="Outgoing response" date="2026-01-18T15:56:58.040" type="response" statusCode="202" statusText="Accepted" /><!-- duration: 19ms -->
</step><!-- duration: 1820ms -->
