<step title="Incoming Request" date="2026-01-20T16:14:53.329" instance="644818" url="/api/deployments/latest?deployer=OneDeploy&amp;time=2026-01-20_16-13-44Z" method="GET" type="request" pid="768,1,55" Host="investigates-api.scm.azurewebsites.net" User-Agent="GITHUBACTIONS_DeployWebAppToAzure_632f2cf547ba8128d59e8a35d428f54ef36444e6743a1a4062ffdade880fce24" Authorization="Bea..." Content-Type="application/json; charset=utf-8" Cookie="ARRAffinity=644818c0f7c6fe162cbfe986d6c3c34895ec19cbc74b8c6af9740bc1790bb1fe;Path=/;HttpOnly;Secure;Domain=investigates-api.scm.azurewebsites.net; ARRAffinitySameSite=644818c0f7c6fe162cbfe986d6c3c34895ec19cbc74b8c6af9740bc1790bb1fe;Path=/;HttpOnly;SameSite=None;Secure;Domain=investigates-api.scm.azurewebsites.net" Content-Length="0" X-ARR-LOG-ID="aad70dc9-bdcc-493d-8e00-1f4428134707" CLIENT-IP="4.246.135.39:62529" X-SITE-DEPLOYMENT-ID="investigates-api" WAS-DEFAULT-HOSTNAME="investigates-api.scm.azurewebsites.net" X-Forwarded-Proto="https" X-AppService-Proto="https" X-Forwarded-TlsVersion="1.3" X-WAWS-Unencoded-URL="/api/deployments/latest?deployer=OneDeploy&amp;time=2026-01-20_16-13-44Z" X-Client-IP="4.246.135.39" X-Client-Port="62529" >
  <step title="Cleanup Xml Logs" date="2026-01-20T16:14:53.351" >
    <step title="Cleanup Infos" date="2026-01-20T16:14:53.521" totalFiles="343" totalCleanup="183" /><!-- duration: 50ms -->
  </step><!-- duration: 232ms -->
  <step title="DeploymentService.GetResult" date="2026-01-20T16:14:53.673" >
    <step title="DeploymentService.GetLatestDeployment" date="2026-01-20T16:14:53.713" >
      <step title="DeploymentManager.GetResults" date="2026-01-20T16:14:53.771" /><!-- duration: 1707ms -->
    </step><!-- duration: 1798ms -->
  </step><!-- duration: 1876ms -->
  <step title="Outgoing response" date="2026-01-20T16:14:55.579" type="response" statusCode="202" statusText="Accepted" /><!-- duration: 22ms -->
</step><!-- duration: 2300ms -->
