<step title="Incoming Request" date="2026-01-08T12:47:39.477" instance="644818" url="/api/publish?type=zip" method="POST" type="request" pid="770,1,5" Accept="*/*" Host="investigates-api.scm.azurewebsites.net" User-Agent="AZURECLI/2.78.0 (HOMEBREW)" Accept-Encoding="gzip, deflate" Authorization="Bea..." Cache-Control="no-cache" Content-Type="application/octet-stream" Cookie="ARRAffinity=644818c0f7c6fe162cbfe986d6c3c34895ec19cbc74b8c6af9740bc1790bb1fe; ARRAffinitySameSite=644818c0f7c6fe162cbfe986d6c3c34895ec19cbc74b8c6af9740bc1790bb1fe" Content-Length="101529" x-ms-client-request-id="33942512-ec90-11f0-b217-c6eea053c943" x-ms-artifact-checksum="a8db8437c8a870172fcae202e05a2e36ce91d034ee3923dcdcecffa5d5642e0f" X-ARR-LOG-ID="33942512-ec90-11f0-b217-c6eea053c943" CLIENT-IP="49.228.107.136:50735" X-SITE-DEPLOYMENT-ID="investigates-api" WAS-DEFAULT-HOSTNAME="investigates-api.scm.azurewebsites.net" X-Forwarded-Proto="https" X-AppService-Proto="https" X-Forwarded-TlsVersion="1.3" X-WAWS-Unencoded-URL="/api/publish?type=zip" X-Client-IP="49.228.107.136" X-Client-Port="50735" >
  <step title="OneDeploy" date="2026-01-08T12:47:39.769" >
    <step title="None repository commit" date="2026-01-08T12:47:39.856" >
      <step title="Commit id: 46d4c3d4-4071-4dd7-ab65-e78a9bd39844" date="2026-01-08T12:47:39.908" Message="N/A" AuthorName="N/A" AuthorEmail="N/A" /><!-- duration: 11ms -->
    </step><!-- duration: 73ms -->
    <step title="Starting PushDeployAsync" date="2026-01-08T12:47:39.957" /><!-- duration: 11ms -->
    <step title="Writing artifact to /tmp/zipdeploy/f2a6e5d1-c874-4097-ba5b-ba9d6806e70a.zip" date="2026-01-08T12:47:40.117" >
      <step title="Writing multipart request body to /tmp/zipdeploy/f2a6e5d1-c874-4097-ba5b-ba9d6806e70a.zip" date="2026-01-08T12:47:40.179" /><!-- duration: 31ms -->
    </step><!-- duration: 535ms -->
    <step title="Removing previous build artifact&apos;s manifest file" date="2026-01-08T12:47:40.721" >
      <step title="Attempting to fetch target branch HEAD" date="2026-01-08T12:47:40.825" /><!-- duration: 12ms -->
      <step title="Acquiring Deployment Lock" date="2026-01-08T12:47:40.852" /><!-- duration: 13ms -->
      <step title="Acquired Deployment Lock" date="2026-01-08T12:47:41.056" /><!-- duration: 20ms -->
      <step title="Performing fetch based deployment" date="2026-01-08T12:47:41.366" >
        <step title="Creating temporary deployment" date="2026-01-08T12:47:41.776" /><!-- duration: 161ms -->
        <step title="Releasing Deployment Lock" date="2026-01-08T12:47:43.741" /><!-- duration: 12ms -->
        <step title="Cleaning up temp folders from previous zip deployments and extracting pushed zip file /tmp/zipdeploy/f2a6e5d1-c874-4097-ba5b-ba9d6806e70a.zip (0.10 MB) to /tmp/zipdeploy/extracted" date="2026-01-08T12:47:43.851" >
          <step title="ChmodRecursive Process exited with total time taken in ms: 140" date="2026-01-08T12:47:44.121" /><!-- duration: 39ms -->
        </step><!-- duration: 360ms -->
        <step title="None repository commit" date="2026-01-08T12:47:44.229" >
          <step title="Commit id: 46d4c3d4-4071-4dd7-ab65-e78a9bd39844" date="2026-01-08T12:47:44.248" Message="OneDeploy" AuthorName="N/A" AuthorEmail="N/A" /><!-- duration: 21ms -->
        </step><!-- duration: 70ms -->
        <step title="Deployment timer started" date="2026-01-08T12:47:46.339" >
          <step title="DeploymentManager.Deploy(id:46d4c3d4-4071-4dd7-ab65-e78a9bd39844)" date="2026-01-08T12:47:46.361" >
            <step title="Collecting changeset information" date="2026-01-08T12:47:46.412" /><!-- duration: 170ms -->
            <step title="Updating submodules" date="2026-01-08T12:47:46.611" /><!-- duration: 1275ms -->
            <step title="Determining deployment builder" date="2026-01-08T12:47:48.527" >
              <step title="Builder is OryxBuilder" date="2026-01-08T12:47:48.608" /><!-- duration: 60ms -->
            </step><!-- duration: 161ms -->
            <step title="PreDeployment: context.CleanOutputPath False" date="2026-01-08T12:47:48.847" >
              <step title="PreDeployment: context.OutputPath /home/site/wwwroot" date="2026-01-08T12:47:49.251" >
                <step title="Building" date="2026-01-08T12:47:49.650" >
                  <step title="Executing external process" date="2026-01-08T12:47:50.879" type="process" path="bash" arguments="-c &quot;oryx build /tmp/zipdeploy/extracted -o /home/site/wwwroot --platform python --platform-version 3.12 -p virtualenv_name=antenv --log-file /tmp/build-debug.log  -i /tmp/8de4eb420f7ca40 --compress-destination-dir | tee /tmp/oryx-build.log ; exit $PIPESTATUS &quot;" 