<step title="Incoming Request" date="2026-01-21T14:53:41.814" instance="644818" url="/api/deployments/latest?deployer=OneDeploy&amp;time=2026-01-21_14-53-04Z" method="GET" type="request" pid="771,1,31" Host="investigates-api.scm.azurewebsites.net" User-Agent="GITHUBACTIONS_DeployWebAppToAzure_632f2cf547ba8128d59e8a35d428f54ef36444e6743a1a4062ffdade880fce24" Authorization="Bea..." Content-Type="application/json; charset=utf-8" Cookie="ARRAffinity=644818c0f7c6fe162cbfe986d6c3c34895ec19cbc74b8c6af9740bc1790bb1fe;Path=/;HttpOnly;Secure;Domain=investigates-api.scm.azurewebsites.net; ARRAffinitySameSite=644818c0f7c6fe162cbfe986d6c3c34895ec19cbc74b8c6af9740bc1790bb1fe;Path=/;HttpOnly;SameSite=None;Secure;Domain=investigates-api.scm.azurewebsites.net" Content-Length="0" X-ARR-LOG-ID="ab1c1270-9606-41cb-8a4c-656f5e49b628" CLIENT-IP="104.209.5.146:31745" X-SITE-DEPLOYMENT-ID="investigates-api" WAS-DEFAULT-HOSTNAME="investigates-api.scm.azurewebsites.net" X-Forwarded-Proto="https" X-AppService-Proto="https" X-Forwarded-TlsVersion="1.3" X-WAWS-Unencoded-URL="/api/deployments/latest?deployer=OneDeploy&amp;time=2026-01-21_14-53-04Z" X-Client-IP="104.209.5.146" X-Client-Port="31745" >
  <step title="Cleanup Xml Logs" date="2026-01-21T14:53:41.865" >
    <step title="Cleanup Infos" date="2026-01-21T14:53:41.924" totalFiles="411" totalCleanup="251" /><!-- duration: 22ms -->
  </step><!-- duration: 100ms -->
  <step title="DeploymentService.GetResult" date="2026-01-21T14:53:42.024" >
    <step title="DeploymentService.GetLatestDeployment" date="2026-01-21T14:53:42.036" >
      <step title="DeploymentManager.GetResults" date="2026-01-21T14:53:42.047" /><!-- duration: 1437ms -->
    </step><!-- duration: 1459ms -->
  </step><!-- duration: 1487ms -->
  <step title="Outgoing response" date="2026-01-21T14:53:43.525" type="response" statusCode="202" statusText="Accepted" /><!-- duration: 37ms -->
</step><!-- duration: 1759ms -->
