<step title="Incoming Request" date="2026-01-08T14:01:32.819" instance="644818" url="/api/publish?type=zip&amp;async=True" method="POST" type="request" pid="768,1,3" Accept="*/*" Host="investigates-api.scm.azurewebsites.net" User-Agent="AZURECLI/2.78.0 (HOMEBREW)" Accept-Encoding="gzip, deflate" Authorization="Bea..." Cache-Control="no-cache" Content-Type="application/octet-stream" Cookie="ARRAffinity=644818c0f7c6fe162cbfe986d6c3c34895ec19cbc74b8c6af9740bc1790bb1fe; ARRAffinitySameSite=644818c0f7c6fe162cbfe986d6c3c34895ec19cbc74b8c6af9740bc1790bb1fe" Content-Length="32907" x-ms-client-request-id="84a7ec9a-ec9a-11f0-9d13-c6eea053c943" x-ms-artifact-checksum="4fbd9b391f78feb11e4b7e5860c78e4d4597ff02e1e61caa650b06990e762ba7" X-ARR-LOG-ID="84a7ec9a-ec9a-11f0-9d13-c6eea053c943" CLIENT-IP="49.228.107.136:33447" X-SITE-DEPLOYMENT-ID="investigates-api" WAS-DEFAULT-HOSTNAME="investigates-api.scm.azurewebsites.net" X-Forwarded-Proto="https" X-AppService-Proto="https" X-Forwarded-TlsVersion="1.3" X-WAWS-Unencoded-URL="/api/publish?type=zip&amp;async=True" X-Client-IP="49.228.107.136" X-Client-Port="33447" >
  <step title="OneDeploy" date="2026-01-08T14:01:32.912" >
    <step title="None repository commit" date="2026-01-08T14:01:33.013" >
      <step title="Commit id: 1fe97d17-5c78-418e-9a43-7d90f28b8be6" date="2026-01-08T14:01:33.019" Message="N/A" AuthorName="N/A" AuthorEmail="N/A" /><!-- duration: 4ms -->
    </step><!-- duration: 14ms -->
    <step title="Starting PushDeployAsync" date="2026-01-08T14:01:33.032" /><!-- duration: 7ms -->
    <step title="Writing artifact to /tmp/zipdeploy/0f33fa80-c363-415d-829c-0cd5d7605b7f.zip" date="2026-01-08T14:01:33.066" >
      <step title="Writing multipart request body to /tmp/zipdeploy/0f33fa80-c363-415d-829c-0cd5d7605b7f.zip" date="2026-01-08T14:01:33.071" /><!-- duration: 12ms -->
    </step><!-- duration: 198ms -->
    <step title="Start deployment in the background" date="2026-01-08T14:01:33.278" >
      <step title="Acquiring Deployment Lock" date="2026-01-08T14:01:33.304" /><!-- duration: 19ms -->
      <step title="Acquired Deployment Lock" date="2026-01-08T14:01:33.416" /><!-- duration: 4ms -->
    </step><!-- duration: 227ms -->
  </step><!-- duration: 601ms -->
  <step title="Outgoing response" date="2026-01-08T14:01:33.528" type="response" statusCode="202" statusText="Accepted" /><!-- duration: 5ms -->
</step><!-- duration: 719ms -->
