<step title="Incoming Request" date="2026-01-20T14:50:26.195" instance="644818" url="/api/deployments/latest?deployer=OneDeploy&amp;time=2026-01-20_14-49-08Z" method="GET" type="request" pid="768,1,87" Host="investigates-api.scm.azurewebsites.net" User-Agent="GITHUBACTIONS_DeployWebAppToAzure_632f2cf547ba8128d59e8a35d428f54ef36444e6743a1a4062ffdade880fce24" Authorization="Bea..." Content-Type="application/json; charset=utf-8" Cookie="ARRAffinity=644818c0f7c6fe162cbfe986d6c3c34895ec19cbc74b8c6af9740bc1790bb1fe;Path=/;HttpOnly;Secure;Domain=investigates-api.scm.azurewebsites.net; ARRAffinitySameSite=644818c0f7c6fe162cbfe986d6c3c34895ec19cbc74b8c6af9740bc1790bb1fe;Path=/;HttpOnly;SameSite=None;Secure;Domain=investigates-api.scm.azurewebsites.net" Content-Length="0" X-ARR-LOG-ID="463990d7-8f40-40f3-b8a1-a0b1bdc9ff2c" CLIENT-IP="135.232.216.49:16392" X-SITE-DEPLOYMENT-ID="investigates-api" WAS-DEFAULT-HOSTNAME="investigates-api.scm.azurewebsites.net" X-Forwarded-Proto="https" X-AppService-Proto="https" X-Forwarded-TlsVersion="1.3" X-WAWS-Unencoded-URL="/api/deployments/latest?deployer=OneDeploy&amp;time=2026-01-20_14-49-08Z" X-Client-IP="135.232.216.49" X-Client-Port="16392" >
  <step title="Cleanup Xml Logs" date="2026-01-20T14:50:26.206" >
    <step title="Cleanup Infos" date="2026-01-20T14:50:26.243" totalFiles="324" totalCleanup="164" /><!-- duration: 20ms -->
  </step><!-- duration: 105ms -->
  <step title="DeploymentService.GetResult" date="2026-01-20T14:50:26.391" >
    <step title="DeploymentService.GetLatestDeployment" date="2026-01-20T14:50:26.402" >
      <step title="DeploymentManager.GetResults" date="2026-01-20T14:50:26.412" /><!-- duration: 1821ms -->
    </step><!-- duration: 1851ms -->
  </step><!-- duration: 1891ms -->
  <step title="Outgoing response" date="2026-01-20T14:50:28.305" type="response" statusCode="202" statusText="Accepted" /><!-- duration: 50ms -->
</step><!-- duration: 2208ms -->
