<step title="Incoming Request" date="2026-01-08T14:15:18.425" instance="644818" url="/api/publish?type=zip&amp;async=True" method="POST" type="request" pid="768,1,33" Accept="*/*" Host="investigates-api.scm.azurewebsites.net" User-Agent="AZURECLI/2.78.0 (HOMEBREW)" Accept-Encoding="gzip, deflate" Authorization="Bea..." Cache-Control="no-cache" Content-Type="application/octet-stream" Cookie="ARRAffinity=644818c0f7c6fe162cbfe986d6c3c34895ec19cbc74b8c6af9740bc1790bb1fe; ARRAffinitySameSite=644818c0f7c6fe162cbfe986d6c3c34895ec19cbc74b8c6af9740bc1790bb1fe" Content-Length="32326" x-ms-client-request-id="711aa300-ec9c-11f0-b327-c6eea053c943" x-ms-artifact-checksum="2fa55887d6a2450999fa8a7fd9917082a18a33253f57d2e5741bc1f204a178fe" X-ARR-LOG-ID="711aa300-ec9c-11f0-b327-c6eea053c943" CLIENT-IP="49.228.107.136:52877" X-SITE-DEPLOYMENT-ID="investigates-api" WAS-DEFAULT-HOSTNAME="investigates-api.scm.azurewebsites.net" X-Forwarded-Proto="https" X-AppService-Proto="https" X-Forwarded-TlsVersion="1.3" X-WAWS-Unencoded-URL="/api/publish?type=zip&amp;async=True" X-Client-IP="49.228.107.136" X-Client-Port="52877" >
  <step title="OneDeploy" date="2026-01-08T14:15:18.440" >
    <step title="Starting PushDeployAsync" date="2026-01-08T14:15:18.451" /><!-- duration: 4ms -->
    <step title="Writing artifact to /tmp/zipdeploy/ef7cc7f2-0c1f-46b0-bff0-d0e6d02cbe85.zip" date="2026-01-08T14:15:18.468" >
      <step title="Writing multipart request body to /tmp/zipdeploy/ef7cc7f2-0c1f-46b0-bff0-d0e6d02cbe85.zip" date="2026-01-08T14:15:18.472" /><!-- duration: 7ms -->
    </step><!-- duration: 31ms -->
    <step title="Removing previous build artifact&apos;s manifest file" date="2026-01-08T14:15:18.511" >
      <step title="Start deployment in the background" date="2026-01-08T14:15:18.529" >
        <step title="Acquiring Deployment Lock" date="2026-01-08T14:15:18.561" /><!-- duration: 4ms -->
        <step title="Acquired Deployment Lock" date="2026-01-08T14:15:18.599" /><!-- duration: 4ms -->
      </step><!-- duration: 180ms -->
    </step><!-- duration: 203ms -->
    <step title="Outgoing response" date="2026-01-08T14:15:18.719" type="response" statusCode="202" statusText="Accepted" /><!-- duration: 4ms -->
  </step><!-- duration: 286ms -->
