<step title="Incoming Request" date="2026-01-20T14:50:41.590" instance="644818" url="/api/deployments/latest?deployer=OneDeploy&amp;time=2026-01-20_14-49-08Z" method="GET" type="request" pid="768,1,87" Host="investigates-api.scm.azurewebsites.net" User-Agent="GITHUBACTIONS_DeployWebAppToAzure_632f2cf547ba8128d59e8a35d428f54ef36444e6743a1a4062ffdade880fce24" Authorization="Bea..." Content-Type="application/json; charset=utf-8" Cookie="ARRAffinity=644818c0f7c6fe162cbfe986d6c3c34895ec19cbc74b8c6af9740bc1790bb1fe;Path=/;HttpOnly;Secure;Domain=investigates-api.scm.azurewebsites.net; ARRAffinitySameSite=644818c0f7c6fe162cbfe986d6c3c34895ec19cbc74b8c6af9740bc1790bb1fe;Path=/;HttpOnly;SameSite=None;Secure;Domain=investigates-api.scm.azurewebsites.net" Content-Length="0" X-ARR-LOG-ID="a740f38c-3e2f-48b1-893d-a6fa69957b42" CLIENT-IP="135.232.216.49:16392" X-SITE-DEPLOYMENT-ID="investigates-api" WAS-DEFAULT-HOSTNAME="investigates-api.scm.azurewebsites.net" X-Forwarded-Proto="https" X-AppService-Proto="https" X-Forwarded-TlsVersion="1.3" X-WAWS-Unencoded-URL="/api/deployments/latest?deployer=OneDeploy&amp;time=2026-01-20_14-49-08Z" X-Client-IP="135.232.216.49" X-Client-Port="16392" >
  <step title="Cleanup Xml Logs" date="2026-01-20T14:50:41.610" >
    <step title="Cleanup Infos" date="2026-01-20T14:50:41.761" totalFiles="326" totalCleanup="166" /><!-- duration: 32ms -->
  </step><!-- duration: 221ms -->
  <step title="DeploymentService.GetResult" date="2026-01-20T14:50:41.892" >
    <step title="DeploymentService.GetLatestDeployment" date="2026-01-20T14:50:41.922" >
      <step title="DeploymentManager.GetResults" date="2026-01-20T14:50:41.935" /><!-- duration: 1585ms -->
    </step><!-- duration: 1628ms -->
  </step><!-- duration: 1677ms -->
  <step title="Outgoing response" date="2026-01-20T14:50:43.590" type="response" statusCode="202" statusText="Accepted" /><!-- duration: 19ms -->
</step><!-- duration: 2031ms -->
