<step title="Incoming Request" date="2026-01-18T15:57:28.597" instance="644818" url="/api/deployments/latest?deployer=OneDeploy&amp;time=2026-01-18_15-55-54Z" method="GET" type="request" pid="768,1,45" Host="investigates-api.scm.azurewebsites.net" User-Agent="GITHUBACTIONS_DeployWebAppToAzure_632f2cf547ba8128d59e8a35d428f54ef36444e6743a1a4062ffdade880fce24" Authorization="Bea..." Content-Type="application/json; charset=utf-8" Cookie="ARRAffinity=644818c0f7c6fe162cbfe986d6c3c34895ec19cbc74b8c6af9740bc1790bb1fe;Path=/;HttpOnly;Secure;Domain=investigates-api.scm.azurewebsites.net; ARRAffinitySameSite=644818c0f7c6fe162cbfe986d6c3c34895ec19cbc74b8c6af9740bc1790bb1fe;Path=/;HttpOnly;SameSite=None;Secure;Domain=investigates-api.scm.azurewebsites.net" Content-Length="0" X-ARR-LOG-ID="590918bf-3377-4813-961c-619cbba7f130" CLIENT-IP="64.236.140.192:54336" X-SITE-DEPLOYMENT-ID="investigates-api" WAS-DEFAULT-HOSTNAME="investigates-api.scm.azurewebsites.net" X-Forwarded-Proto="https" X-AppService-Proto="https" X-Forwarded-TlsVersion="1.3" X-WAWS-Unencoded-URL="/api/deployments/latest?deployer=OneDeploy&amp;time=2026-01-18_15-55-54Z" X-Client-IP="64.236.140.192" X-Client-Port="54336" >
  <step title="Cleanup Xml Logs" date="2026-01-18T15:57:28.645" >
    <step title="Cleanup Infos" date="2026-01-18T15:57:28.737" totalFiles="297" totalCleanup="137" /><!-- duration: 62ms -->
  </step><!-- duration: 223ms -->
  <step title="DeploymentService.GetResult" date="2026-01-18T15:57:28.970" >
    <step title="DeploymentService.GetLatestDeployment" date="2026-01-18T15:57:29.007" >
      <step title="DeploymentManager.GetResults" date="2026-01-18T15:57:29.057" /><!-- duration: 2101ms -->
    </step><!-- duration: 2211ms -->
  </step><!-- duration: 2288ms -->
  <step title="Outgoing response" date="2026-01-18T15:57:31.297" type="response" statusCode="202" statusText="Accepted" /><!-- duration: 13ms -->
</step><!-- duration: 2763ms -->
