<step title="Incoming Request" date="2026-01-08T14:09:56.550" instance="644818" url="/api/publish?type=zip&amp;async=True" method="POST" type="request" pid="768,1,25" Accept="*/*" Host="investigates-api.scm.azurewebsites.net" User-Agent="AZURECLI/2.78.0 (HOMEBREW)" Accept-Encoding="gzip, deflate" Authorization="Bea..." Cache-Control="no-cache" Content-Type="application/octet-stream" Cookie="ARRAffinity=644818c0f7c6fe162cbfe986d6c3c34895ec19cbc74b8c6af9740bc1790bb1fe; ARRAffinitySameSite=644818c0f7c6fe162cbfe986d6c3c34895ec19cbc74b8c6af9740bc1790bb1fe" Content-Length="32681" x-ms-client-request-id="b14fa610-ec9b-11f0-8322-c6eea053c943" x-ms-artifact-checksum="12c08debbab4980fc8fd0f19b6a87a0fa856b0c306ec233a28d2552366fdbcfa" X-ARR-LOG-ID="b14fa610-ec9b-11f0-8322-c6eea053c943" CLIENT-IP="49.228.107.136:52664" X-SITE-DEPLOYMENT-ID="investigates-api" WAS-DEFAULT-HOSTNAME="investigates-api.scm.azurewebsites.net" X-Forwarded-Proto="https" X-AppService-Proto="https" X-Forwarded-TlsVersion="1.3" X-WAWS-Unencoded-URL="/api/publish?type=zip&amp;async=True" X-Client-IP="49.228.107.136" X-Client-Port="52664" >
  <step title="OneDeploy" date="2026-01-08T14:09:56.580" >
    <step title="Starting PushDeployAsync" date="2026-01-08T14:09:56.621" /><!-- duration: 10ms -->
    <step title="Writing artifact to /tmp/zipdeploy/cb391db1-390d-4fc2-a2c5-0ce88af394f7.zip" date="2026-01-08T14:09:56.653" >
      <step title="Writing multipart request body to /tmp/zipdeploy/cb391db1-390d-4fc2-a2c5-0ce88af394f7.zip" date="2026-01-08T14:09:56.658" /><!-- duration: 5ms -->
    </step><!-- duration: 35ms -->
    <step title="Removing previous build artifact&apos;s manifest file" date="2026-01-08T14:09:56.697" >
      <step title="Start deployment in the background" date="2026-01-08T14:09:56.715" >
        <step title="Acquiring Deployment Lock" date="2026-01-08T14:09:56.740" /><!-- duration: 4ms -->
        <step title="Acquired Deployment Lock" date="2026-01-08T14:09:56.780" /><!-- duration: 4ms -->
      </step><!-- duration: 174ms -->
    </step><!-- duration: 200ms -->
    <step title="Outgoing response" date="2026-01-08T14:09:56.901" type="response" statusCode="202" statusText="Accepted" /><!-- duration: 4ms -->
  </step><!-- duration: 329ms -->
