<step title="Incoming Request" date="2026-01-21T15:41:03.488" instance="644818" url="/api/deployments/latest?deployer=OneDeploy&amp;time=2026-01-21_15-39-49Z" method="GET" type="request" pid="771,1,37" Host="investigates-api.scm.azurewebsites.net" User-Agent="GITHUBACTIONS_DeployWebAppToAzure_632f2cf547ba8128d59e8a35d428f54ef36444e6743a1a4062ffdade880fce24" Authorization="Bea..." Content-Type="application/json; charset=utf-8" Cookie="ARRAffinity=644818c0f7c6fe162cbfe986d6c3c34895ec19cbc74b8c6af9740bc1790bb1fe;Path=/;HttpOnly;Secure;Domain=investigates-api.scm.azurewebsites.net; ARRAffinitySameSite=644818c0f7c6fe162cbfe986d6c3c34895ec19cbc74b8c6af9740bc1790bb1fe;Path=/;HttpOnly;SameSite=None;Secure;Domain=investigates-api.scm.azurewebsites.net" Content-Length="0" X-ARR-LOG-ID="f8b55d85-ff08-489a-8e3f-013c775ff378" CLIENT-IP="52.176.124.231:48128" X-SITE-DEPLOYMENT-ID="investigates-api" WAS-DEFAULT-HOSTNAME="investigates-api.scm.azurewebsites.net" X-Forwarded-Proto="https" X-AppService-Proto="https" X-Forwarded-TlsVersion="1.3" X-WAWS-Unencoded-URL="/api/deployments/latest?deployer=OneDeploy&amp;time=2026-01-21_15-39-49Z" X-Client-IP="52.176.124.231" X-Client-Port="48128" >
  <step title="Cleanup Xml Logs" date="2026-01-21T15:41:03.501" >
    <step title="Cleanup Infos" date="2026-01-21T15:41:03.574" totalFiles="437" totalCleanup="277" /><!-- duration: 36ms -->
  </step><!-- duration: 129ms -->
  <step title="DeploymentService.GetResult" date="2026-01-21T15:41:03.703" >
    <step title="DeploymentService.GetLatestDeployment" date="2026-01-21T15:41:03.732" >
      <step title="DeploymentManager.GetResults" date="2026-01-21T15:41:03.760" /><!-- duration: 1733ms -->
    </step><!-- duration: 1794ms -->
  </step><!-- duration: 1860ms -->
  <step title="Outgoing response" date="2026-01-21T15:41:05.605" type="response" statusCode="202" statusText="Accepted" /><!-- duration: 41ms -->
</step><!-- duration: 2206ms -->
