<step title="Incoming Request" date="2026-01-18T08:39:04.429" instance="644818" url="/api/publish?async=true&amp;deployer=GITHUB_ONE_DEPLOY&amp;type=zip&amp;message=%7B%22type%22%3A%22deployment%22%2C%22sha%22%3A%225c7b0cdacc73d448f74f65c838794d29bfa7adab%22%2C%22repoName%22%3A%22autthapolsaiyat%2Finvestigates%22%2C%22actor%22%3A%22autthapolsaiyat%22%2C%22slotName%22%3A%22production%22%2C%22commitMessage%22%3A%22fix%3A%20complete%20circular%20import%20fix%22%7D" method="POST" type="request" pid="768,1,38" Host="investigates-api.scm.azurewebsites.net" User-Agent="GITHUBACTIONS_DeployWebAppToAzure_632f2cf547ba8128d59e8a35d428f54ef36444e6743a1a4062ffdade880fce24" Authorization="Bea..." Content-Type="application/octet-stream" Cookie="ARRAffinity=644818c0f7c6fe162cbfe986d6c3c34895ec19cbc74b8c6af9740bc1790bb1fe;Path=/;HttpOnly;Secure;Domain=investigates-api.scm.azurewebsites.net; ARRAffinitySameSite=644818c0f7c6fe162cbfe986d6c3c34895ec19cbc74b8c6af9740bc1790bb1fe;Path=/;HttpOnly;SameSite=None;Secure;Domain=investigates-api.scm.azurewebsites.net" Transfer-Encoding="chunked" X-ARR-LOG-ID="d82f8aba-7c4c-4023-8c94-5edc751976ec" CLIENT-IP="135.232.216.49:28672" X-SITE-DEPLOYMENT-ID="investigates-api" WAS-DEFAULT-HOSTNAME="investigates-api.scm.azurewebsites.net" X-Forwarded-Proto="https" X-AppService-Proto="https" X-Forwarded-TlsVersion="1.3" X-WAWS-Unencoded-URL="/api/publish?async=true&amp;deployer=GITHUB_ONE_DEPLOY&amp;type=zip&amp;message=%7B%22type%22%3A%22deployment%22%2C%22sha%22%3A%225c7b0cdacc73d448f74f65c838794d29bfa7adab%22%2C%22repoName%22%3A%22autthapolsaiyat%2Finvestigates%22%2C%22actor%22%3A%22autthapolsaiyat%22%2C%22slotName%22%3A%22production%22%2C%22commitMessage%22%3A%22fix%3A%20complete%20circular%20import%20fix%22%7D" X-Client-IP="135.232.216.49" X-Client-Port="28672" >
  <step title="OneDeploy" date="2026-01-18T08:39:04.471" >
    <step title="Starting PushDeployAsync" date="2026-01-18T08:39:04.485" /><!-- duration: 6ms -->
    <step title="Writing artifact to /tmp/zipdeploy/b2e35bd6-bda7-4b38-93cf-80cacf3c5bca.zip" date="2026-01-18T08:39:04.519" >
      <step title="Writing multipart request body to /tmp/zipdeploy/b2e35bd6-bda7-4b38-93cf-80cacf3c5bca.zip" date="2026-01-18T08:39:04.542" /><!-- duration: 16ms -->
    </step><!-- duration: 70ms -->
    <step title="Removing previous build artifact&apos;s manifest file" date="2026-01-18T08:39:04.599" >
      <step title="Start deployment in the background" date="2026-01-18T08:39:04.629" >
        <step title="Acquiring Deployment Lock" date="2026-01-18T08:39:04.669" /><!-- duration: 5ms -->
        <step title="Acquired Deployment Lock" date="2026-01-18T08:39:04.726" /><!-- duration: 11ms -->
      </step><!-- duration: 303ms -->
    </step><!-- duration: 361ms -->
    <step title="Outgoing response" date="2026-01-18T08:39:04.986" type="response" statusCode="202" statusText="Accepted" /><!-- duration: 12ms -->
  </step><!-- duration: 537ms -->
