<step title="Incoming Request" date="2026-01-21T14:53:56.766" instance="644818" url="/api/deployments/latest?deployer=OneDeploy&amp;time=2026-01-21_14-53-04Z" method="GET" type="request" pid="771,1,33" Host="investigates-api.scm.azurewebsites.net" User-Agent="GITHUBACTIONS_DeployWebAppToAzure_632f2cf547ba8128d59e8a35d428f54ef36444e6743a1a4062ffdade880fce24" Authorization="Bea..." Content-Type="application/json; charset=utf-8" Cookie="ARRAffinity=644818c0f7c6fe162cbfe986d6c3c34895ec19cbc74b8c6af9740bc1790bb1fe;Path=/;HttpOnly;Secure;Domain=investigates-api.scm.azurewebsites.net; ARRAffinitySameSite=644818c0f7c6fe162cbfe986d6c3c34895ec19cbc74b8c6af9740bc1790bb1fe;Path=/;HttpOnly;SameSite=None;Secure;Domain=investigates-api.scm.azurewebsites.net" Content-Length="0" X-ARR-LOG-ID="3e55d62f-4580-48d7-aa8a-7fc8cd5d1916" CLIENT-IP="104.209.5.146:31745" X-SITE-DEPLOYMENT-ID="investigates-api" WAS-DEFAULT-HOSTNAME="investigates-api.scm.azurewebsites.net" X-Forwarded-Proto="https" X-AppService-Proto="https" X-Forwarded-TlsVersion="1.3" X-WAWS-Unencoded-URL="/api/deployments/latest?deployer=OneDeploy&amp;time=2026-01-21_14-53-04Z" X-Client-IP="104.209.5.146" X-Client-Port="31745" >
  <step title="Cleanup Xml Logs" date="2026-01-21T14:53:56.776" >
    <step title="Cleanup Infos" date="2026-01-21T14:53:56.896" totalFiles="413" totalCleanup="253" /><!-- duration: 9ms -->
  </step><!-- duration: 133ms -->
  <step title="DeploymentService.GetResult" date="2026-01-21T14:53:56.920" >
    <step title="DeploymentService.GetLatestDeployment" date="2026-01-21T14:53:56.929" >
      <step title="DeploymentManager.GetResults" date="2026-01-21T14:53:56.933" /><!-- duration: 1276ms -->
    </step><!-- duration: 1312ms -->
  </step><!-- duration: 1359ms -->
  <step title="Outgoing response" date="2026-01-21T14:53:58.312" type="response" statusCode="202" statusText="Accepted" /><!-- duration: 70ms -->
</step><!-- duration: 1635ms -->
