<step title="Incoming Request" date="2026-01-18T01:02:38.577" instance="644818" url="/api/deployments/latest?deployer=OneDeploy&amp;time=2026-01-18_01-00-42Z" method="GET" type="request" pid="768,1,47" Host="investigates-api.scm.azurewebsites.net" User-Agent="GITHUBACTIONS_DeployWebAppToAzure_632f2cf547ba8128d59e8a35d428f54ef36444e6743a1a4062ffdade880fce24" Authorization="Bea..." Content-Type="application/json; charset=utf-8" Cookie="ARRAffinity=644818c0f7c6fe162cbfe986d6c3c34895ec19cbc74b8c6af9740bc1790bb1fe;Path=/;HttpOnly;Secure;Domain=investigates-api.scm.azurewebsites.net; ARRAffinitySameSite=644818c0f7c6fe162cbfe986d6c3c34895ec19cbc74b8c6af9740bc1790bb1fe;Path=/;HttpOnly;SameSite=None;Secure;Domain=investigates-api.scm.azurewebsites.net" Content-Length="0" X-ARR-LOG-ID="8b7aa37d-2b12-41f4-bf15-53e913e18355" CLIENT-IP="74.235.151.5:63512" X-SITE-DEPLOYMENT-ID="investigates-api" WAS-DEFAULT-HOSTNAME="investigates-api.scm.azurewebsites.net" X-Forwarded-Proto="https" X-AppService-Proto="https" X-Forwarded-TlsVersion="1.3" X-WAWS-Unencoded-URL="/api/deployments/latest?deployer=OneDeploy&amp;time=2026-01-18_01-00-42Z" X-Client-IP="74.235.151.5" X-Client-Port="63512" >
  <step title="Cleanup Xml Logs" date="2026-01-18T01:02:38.637" >
    <step title="Cleanup Infos" date="2026-01-18T01:02:38.727" totalFiles="206" totalCleanup="46" /><!-- duration: 31ms -->
  </step><!-- duration: 132ms -->
  <step title="DeploymentService.GetResult" date="2026-01-18T01:02:38.858" >
    <step title="DeploymentService.GetLatestDeployment" date="2026-01-18T01:02:38.876" >
      <step title="DeploymentManager.GetResults" date="2026-01-18T01:02:38.900" /><!-- duration: 1882ms -->
    </step><!-- duration: 1917ms -->
  </step><!-- duration: 2005ms -->
  <step title="Outgoing response" date="2026-01-18T01:02:40.913" type="response" statusCode="202" statusText="Accepted" /><!-- duration: 60ms -->
</step><!-- duration: 2476ms -->
