<step title="BackgroundTrace" date="2026-01-20T14:49:07.730" instance="644818" url="/api/publish" method="POST" >
  <step title="Creating temporary deployment - FetchDeploymentManager" date="2026-01-20T14:49:07.863" /><!-- duration: 22ms -->
  <step title="Creating temporary deployment" date="2026-01-20T14:49:07.925" /><!-- duration: 234ms -->
  <step title="Performing fetch based deployment" date="2026-01-20T14:49:08.381" >
    <step title="Cleaning up temp folders from previous zip deployments and extracting pushed zip file /tmp/zipdeploy/185fd7d6-0599-4f8a-8016-7234b84d0a31.zip (0.04 MB) to /tmp/zipdeploy/extracted" date="2026-01-20T14:49:09.726" >
      <step title="ChmodRecursive Process exited with total time taken in ms: 220" date="2026-01-20T14:49:10.132" /><!-- duration: 7ms -->
    </step><!-- duration: 428ms -->
    <step title="Deployment timer started" date="2026-01-20T14:49:12.178" >
      <step title="DeploymentManager.Deploy(id:5cad18b8-7962-43c0-be45-2db3d8e602ea)" date="2026-01-20T14:49:12.209" >
        <step title="Collecting changeset information" date="2026-01-20T14:49:12.294" /><!-- duration: 132ms -->
        <step title="Updating submodules" date="2026-01-20T14:49:12.439" /><!-- duration: 1166ms -->
        <step title="Determining deployment builder" date="2026-01-20T14:49:13.871" >
          <step title="Builder is OryxBuilder" date="2026-01-20T14:49:13.903" /><!-- duration: 5ms -->
        </step><!-- duration: 47ms -->
        <step title="PreDeployment: context.CleanOutputPath False" date="2026-01-20T14:49:13.983" >
          <step title="PreDeployment: context.OutputPath /home/site/wwwroot" date="2026-01-20T14:49:14.130" >
            <step title="Building" date="2026-01-20T14:49:14.316" >
              <step title="Executing external process" date="2026-01-20T14:49:14.721" type="process" path="bash" arguments="-c &quot;oryx build /tmp/zipdeploy/extracted -o /home/site/wwwroot --platform python --platform-version 3.12 -p virtualenv_name=antenv --log-file /tmp/build-debug.log  -i /tmp/8de5833143cf615 --compress-destination-dir | tee /tmp/oryx-build.log ; exit $PIPESTATUS &quot;" /><!-- duration: 98206ms -->
              <step title="Using PythonDeploymentLogParser" date="2026-01-20T14:50:53.458" /><!-- duration: 4ms -->
              <step title="Modified file to trigger a restart of the app container." date="2026-01-20T14:50:54.642" /><!-- duration: 6ms -->
              <step title="Skip function trigger and logicapp sync because function is not enabled." date="2026-01-20T14:50:54.654" /><!-- duration: 16ms -->
              <step title="Purge deployment items" date="2026-01-20T14:50:55.821" >
                <step title="Remove 71449e89-, Success, received at 01/08/2026 15:07:33" date="2026-01-20T14:50:55.939" /><!-- duration: 5ms -->
              </step><!-- duration: 129ms -->
            </step><!-- duration: 101718ms -->
          </step><!-- duration: 101910ms -->
          <step title="Cleaning up temp files" date="2026-01-20T14:50:56.045" /><!-- duration: 700ms -->
          <step title="Cleaning up temp files" date="2026-01-20T14:50:56.752" /><!-- duration: 512ms -->
          <step title="Reloading status file with latest updates" date="2026-01-20T14:50:57.616" >
            <step title="WebHooksManager.PublishEventAsync: PostDeployment" date="2026-01-20T14:50:57.622" /><!-- duration: 70ms -->
          </step><!-- duration: 85ms -->
          <step title="Cleaning up temporary deployment - fetch deployment was successful" date="2026-01-20T14:50:57.743" /><!-- duration: 7ms -->
        </step><!-- duration: 104117ms -->
      </step><!-- duration: 105957ms -->
