<step title="Incoming Request" date="2026-01-21T16:42:18.552" instance="644818" url="/api/deployments/latest?deployer=OneDeploy&amp;time=2026-01-21_16-42-00Z" method="GET" type="request" pid="771,1,32" Host="investigates-api.scm.azurewebsites.net" User-Agent="GITHUBACTIONS_DeployWebAppToAzure_632f2cf547ba8128d59e8a35d428f54ef36444e6743a1a4062ffdade880fce24" Authorization="Bea..." Content-Type="application/json; charset=utf-8" Cookie="ARRAffinity=644818c0f7c6fe162cbfe986d6c3c34895ec19cbc74b8c6af9740bc1790bb1fe;Path=/;HttpOnly;Secure;Domain=investigates-api.scm.azurewebsites.net; ARRAffinitySameSite=644818c0f7c6fe162cbfe986d6c3c34895ec19cbc74b8c6af9740bc1790bb1fe;Path=/;HttpOnly;SameSite=None;Secure;Domain=investigates-api.scm.azurewebsites.net" Content-Length="0" X-ARR-LOG-ID="1c1a1d0b-4a07-41ed-be42-80cb080ea803" CLIENT-IP="135.232.232.33:40896" X-SITE-DEPLOYMENT-ID="investigates-api" WAS-DEFAULT-HOSTNAME="investigates-api.scm.azurewebsites.net" X-Forwarded-Proto="https" X-AppService-Proto="https" X-Forwarded-TlsVersion="1.3" X-WAWS-Unencoded-URL="/api/deployments/latest?deployer=OneDeploy&amp;time=2026-01-21_16-42-00Z" X-Client-IP="135.232.232.33" X-Client-Port="40896" >
  <step title="Cleanup Xml Logs" date="2026-01-21T16:42:18.574" >
    <step title="Cleanup Infos" date="2026-01-21T16:42:18.763" totalFiles="453" totalCleanup="293" /><!-- duration: 82ms -->
  </step><!-- duration: 331ms -->
  <step title="DeploymentService.GetResult" date="2026-01-21T16:42:19.026" >
    <step title="DeploymentService.GetLatestDeployment" date="2026-01-21T16:42:19.065" >
      <step title="DeploymentManager.GetResults" date="2026-01-21T16:42:19.093" /><!-- duration: 2605ms -->
    </step><!-- duration: 2703ms -->
  </step><!-- duration: 2804ms -->
  <step title="Outgoing response" date="2026-01-21T16:42:21.940" type="response" statusCode="202" statusText="Accepted" /><!-- duration: 31ms -->
</step><!-- duration: 3460ms -->
