<step title="Incoming Request" date="2026-01-20T16:13:43.863" instance="644818" url="/api/publish?async=true&amp;deployer=GITHUB_ONE_DEPLOY&amp;type=zip&amp;message=%7B%22type%22%3A%22deployment%22%2C%22sha%22%3A%2222d3f3ada73a93701aaadec09235c4b7ef8da8e7%22%2C%22repoName%22%3A%22autthapolsaiyat%2Finvestigates%22%2C%22actor%22%3A%22autthapolsaiyat%22%2C%22slotName%22%3A%22production%22%2C%22commitMessage%22%3A%22feat%3A%20Soft%20delete%20for%20cases%20with%20table%20view%22%7D" method="POST" type="request" pid="768,1,60" Host="investigates-api.scm.azurewebsites.net" User-Agent="GITHUBACTIONS_DeployWebAppToAzure_632f2cf547ba8128d59e8a35d428f54ef36444e6743a1a4062ffdade880fce24" Authorization="Bea..." Content-Type="application/octet-stream" Cookie="ARRAffinity=644818c0f7c6fe162cbfe986d6c3c34895ec19cbc74b8c6af9740bc1790bb1fe;Path=/;HttpOnly;Secure;Domain=investigates-api.scm.azurewebsites.net; ARRAffinitySameSite=644818c0f7c6fe162cbfe986d6c3c34895ec19cbc74b8c6af9740bc1790bb1fe;Path=/;HttpOnly;SameSite=None;Secure;Domain=investigates-api.scm.azurewebsites.net" Transfer-Encoding="chunked" X-ARR-LOG-ID="236b4221-05fc-454b-aac3-bb274f0d08b8" CLIENT-IP="4.246.135.39:62528" X-SITE-DEPLOYMENT-ID="investigates-api" WAS-DEFAULT-HOSTNAME="investigates-api.scm.azurewebsites.net" X-Forwarded-Proto="https" X-AppService-Proto="https" X-Forwarded-TlsVersion="1.3" X-WAWS-Unencoded-URL="/api/publish?async=true&amp;deployer=GITHUB_ONE_DEPLOY&amp;type=zip&amp;message=%7B%22type%22%3A%22deployment%22%2C%22sha%22%3A%2222d3f3ada73a93701aaadec09235c4b7ef8da8e7%22%2C%22repoName%22%3A%22autthapolsaiyat%2Finvestigates%22%2C%22actor%22%3A%22autthapolsaiyat%22%2C%22slotName%22%3A%22production%22%2C%22commitMessage%22%3A%22feat%3A%20Soft%20delete%20for%20cases%20with%20table%20view%22%7D" X-Client-IP="4.246.135.39" X-Client-Port="62528" >
  <step title="OneDeploy" date="2026-01-20T16:13:43.883" >
    <step title="Starting PushDeployAsync" date="2026-01-20T16:13:43.896" /><!-- duration: 8ms -->
    <step title="Writing artifact to /tmp/zipdeploy/3870dd75-656d-488f-a2ce-0d3f5f416936.zip" date="2026-01-20T16:13:43.920" >
      <step title="Writing multipart request body to /tmp/zipdeploy/3870dd75-656d-488f-a2ce-0d3f5f416936.zip" date="2026-01-20T16:13:43.925" /><!-- duration: 11ms -->
    </step><!-- duration: 129ms -->
    <step title="Removing previous build artifact&apos;s manifest file" date="2026-01-20T16:13:44.055" >
      <step title="Start deployment in the background" date="2026-01-20T16:13:44.072" >
        <step title="Acquiring Deployment Lock" date="2026-01-20T16:13:44.102" /><!-- duration: 4ms -->
        <step title="Acquired Deployment Lock" date="2026-01-20T16:13:44.144" /><!-- duration: 4ms -->
      </step><!-- duration: 279ms -->
    </step><!-- duration: 346ms -->
    <step title="Outgoing response" date="2026-01-20T16:13:44.407" type="response" statusCode="202" statusText="Accepted" /><!-- duration: 4ms -->
  </step><!-- duration: 533ms -->
