<step title="BackgroundTrace" date="2026-01-17T12:54:18.516" instance="644818" url="/api/publish" method="POST" >
  <step title="Creating temporary deployment - FetchDeploymentManager" date="2026-01-17T12:54:18.646" /><!-- duration: 3ms -->
  <step title="Creating temporary deployment" date="2026-01-17T12:54:18.660" /><!-- duration: 174ms -->
  <step title="Performing fetch based deployment" date="2026-01-17T12:54:18.910" >
    <step title="Cleaning up temp folders from previous zip deployments and extracting pushed zip file /tmp/zipdeploy/868b6b5d-32f7-4769-90b8-4fd34de3afc4.zip (0.03 MB) to /tmp/zipdeploy/extracted" date="2026-01-17T12:54:20.681" >
      <step title="ChmodRecursive Process exited with total time taken in ms: 171" date="2026-01-17T12:54:21.025" /><!-- duration: 25ms -->
    </step><!-- duration: 398ms -->
    <step title="Deployment timer started" date="2026-01-17T12:54:23.120" >
      <step title="DeploymentManager.Deploy(id:0766719e-07b8-4bb5-b397-57ae671c32be)" date="2026-01-17T12:54:23.159" >
        <step title="Collecting changeset information" date="2026-01-17T12:54:23.204" /><!-- duration: 112ms -->
        <step title="Updating submodules" date="2026-01-17T12:54:23.333" /><!-- duration: 1139ms -->
        <step title="Determining deployment builder" date="2026-01-17T12:54:24.756" >
          <step title="Builder is OryxBuilder" date="2026-01-17T12:54:24.783" /><!-- duration: 7ms -->
        </step><!-- duration: 44ms -->
        <step title="PreDeployment: context.CleanOutputPath False" date="2026-01-17T12:54:24.880" >
          <step title="PreDeployment: context.OutputPath /home/site/wwwroot" date="2026-01-17T12:54:25.029" >
            <step title="Building" date="2026-01-17T12:54:25.264" >
              <step title="Executing external process" date="2026-01-17T12:54:25.694" type="process" path="bash" arguments="-c &quot;oryx build /tmp/zipdeploy/extracted -o /home/site/wwwroot --platform python --platform-version 3.12 -p virtualenv_name=antenv --log-file /tmp/build-debug.log  -i /tmp/8de55c78ac50c45 --compress-destination-dir | tee /tmp/oryx-build.log ; exit $PIPESTATUS &quot;" /><!-- duration: 92785ms -->
              <step title="Using PythonDeploymentLogParser" date="2026-01-17T12:55:59.758" /><!-- duration: 5ms -->
              <step title="Modified file to trigger a restart of the app container." date="2026-01-17T12:56:01.076" /><!-- duration: 20ms -->
              <step title="Skip function trigger and logicapp sync because function is not enabled." date="2026-01-17T12:56:01.217" /><!-- duration: 17ms -->
              <step title="Purge deployment items" date="2026-01-17T12:56:03.072" >
                <step title="Remove c6a9be68-, Success, received at 01/08/2026 12:26:53" date="2026-01-17T12:56:03.263" /><!-- duration: 12ms -->
              </step><!-- duration: 222ms -->
            </step><!-- duration: 98211ms -->
          </step><!-- duration: 98466ms -->
          <step title="Cleaning up temp files" date="2026-01-17T12:56:03.516" /><!-- duration: 1297ms -->
          <step title="Cleaning up temp files" date="2026-01-17T12:56:04.825" /><!-- duration: 523ms -->
          <step title="Reloading status file with latest updates" date="2026-01-17T12:56:05.674" >
            <step title="WebHooksManager.PublishEventAsync: PostDeployment" date="2026-01-17T12:56:05.681" /><!-- duration: 59ms -->
          </step><!-- duration: 92ms -->
          <step title="Cleaning up temporary deployment - fetch deployment was successful" date="2026-01-17T12:56:05.774" /><!-- duration: 7ms -->
        </step><!-- duration: 101237ms -->
      </step><!-- duration: 102980ms -->
