<step title="Incoming Request" date="2026-01-21T14:54:42.131" instance="644818" url="/api/deployments/latest?deployer=OneDeploy&amp;time=2026-01-21_14-53-04Z" method="GET" type="request" pid="771,1,33" Host="investigates-api.scm.azurewebsites.net" User-Agent="GITHUBACTIONS_DeployWebAppToAzure_632f2cf547ba8128d59e8a35d428f54ef36444e6743a1a4062ffdade880fce24" Authorization="Bea..." Content-Type="application/json; charset=utf-8" Cookie="ARRAffinity=644818c0f7c6fe162cbfe986d6c3c34895ec19cbc74b8c6af9740bc1790bb1fe;Path=/;HttpOnly;Secure;Domain=investigates-api.scm.azurewebsites.net; ARRAffinitySameSite=644818c0f7c6fe162cbfe986d6c3c34895ec19cbc74b8c6af9740bc1790bb1fe;Path=/;HttpOnly;SameSite=None;Secure;Domain=investigates-api.scm.azurewebsites.net" Content-Length="0" X-ARR-LOG-ID="f0f15be2-1d39-47f5-86eb-4350068256c5" CLIENT-IP="104.209.5.146:31746" X-SITE-DEPLOYMENT-ID="investigates-api" WAS-DEFAULT-HOSTNAME="investigates-api.scm.azurewebsites.net" X-Forwarded-Proto="https" X-AppService-Proto="https" X-Forwarded-TlsVersion="1.3" X-WAWS-Unencoded-URL="/api/deployments/latest?deployer=OneDeploy&amp;time=2026-01-21_14-53-04Z" X-Client-IP="104.209.5.146" X-Client-Port="31746" >
  <step title="Cleanup Xml Logs" date="2026-01-21T14:54:42.144" >
    <step title="Cleanup Infos" date="2026-01-21T14:54:42.194" totalFiles="419" totalCleanup="259" /><!-- duration: 28ms -->
  </step><!-- duration: 110ms -->
  <step title="DeploymentService.GetResult" date="2026-01-21T14:54:42.284" >
    <step title="DeploymentService.GetLatestDeployment" date="2026-01-21T14:54:42.295" >
      <step title="DeploymentManager.GetResults" date="2026-01-21T14:54:42.312" /><!-- duration: 1036ms -->
    </step><!-- duration: 1084ms -->
  </step><!-- duration: 1114ms -->
  <step title="Outgoing response" date="2026-01-21T14:54:43.410" type="response" statusCode="202" statusText="Accepted" /><!-- duration: 18ms -->
</step><!-- duration: 1308ms -->
