<step title="Incoming Request" date="2026-01-20T14:49:07.251" instance="644818" url="/api/publish?async=true&amp;deployer=GITHUB_ONE_DEPLOY&amp;type=zip&amp;message=%7B%22type%22%3A%22deployment%22%2C%22sha%22%3A%221301edf059c0b20374885c84bfddd464cbb8c3c1%22%2C%22repoName%22%3A%22autthapolsaiyat%2Finvestigates%22%2C%22actor%22%3A%22autthapolsaiyat%22%2C%22slotName%22%3A%22production%22%2C%22commitMessage%22%3A%22Add%20separated%20Admin%20Panel%22%7D" method="POST" type="request" pid="768,1,71" Host="investigates-api.scm.azurewebsites.net" User-Agent="GITHUBACTIONS_DeployWebAppToAzure_632f2cf547ba8128d59e8a35d428f54ef36444e6743a1a4062ffdade880fce24" Authorization="Bea..." Content-Type="application/octet-stream" Cookie="ARRAffinity=644818c0f7c6fe162cbfe986d6c3c34895ec19cbc74b8c6af9740bc1790bb1fe;Path=/;HttpOnly;Secure;Domain=investigates-api.scm.azurewebsites.net; ARRAffinitySameSite=644818c0f7c6fe162cbfe986d6c3c34895ec19cbc74b8c6af9740bc1790bb1fe;Path=/;HttpOnly;SameSite=None;Secure;Domain=investigates-api.scm.azurewebsites.net" Transfer-Encoding="chunked" X-ARR-LOG-ID="e6dd23c8-ac4b-44cf-83bf-8c664114c75b" CLIENT-IP="135.232.216.49:16392" X-SITE-DEPLOYMENT-ID="investigates-api" WAS-DEFAULT-HOSTNAME="investigates-api.scm.azurewebsites.net" X-Forwarded-Proto="https" X-AppService-Proto="https" X-Forwarded-TlsVersion="1.3" X-WAWS-Unencoded-URL="/api/publish?async=true&amp;deployer=GITHUB_ONE_DEPLOY&amp;type=zip&amp;message=%7B%22type%22%3A%22deployment%22%2C%22sha%22%3A%221301edf059c0b20374885c84bfddd464cbb8c3c1%22%2C%22repoName%22%3A%22autthapolsaiyat%2Finvestigates%22%2C%22actor%22%3A%22autthapolsaiyat%22%2C%22slotName%22%3A%22production%22%2C%22commitMessage%22%3A%22Add%20separated%20Admin%20Panel%22%7D" X-Client-IP="135.232.216.49" X-Client-Port="16392" >
  <step title="OneDeploy" date="2026-01-20T14:49:07.428" >
    <step title="Starting PushDeployAsync" date="2026-01-20T14:49:07.501" /><!-- duration: 5ms -->
    <step title="Writing artifact to /tmp/zipdeploy/185fd7d6-0599-4f8a-8016-7234b84d0a31.zip" date="2026-01-20T14:49:07.536" >
      <step title="Writing multipart request body to /tmp/zipdeploy/185fd7d6-0599-4f8a-8016-7234b84d0a31.zip" date="2026-01-20T14:49:07.561" /><!-- duration: 4ms -->
    </step><!-- duration: 84ms -->
    <step title="Removing previous build artifact&apos;s manifest file" date="2026-01-20T14:49:07.670" >
      <step title="Start deployment in the background" date="2026-01-20T14:49:07.712" >
        <step title="Acquiring Deployment Lock" date="2026-01-20T14:49:07.778" /><!-- duration: 6ms -->
        <step title="Acquired Deployment Lock" date="2026-01-20T14:49:07.846" /><!-- duration: 4ms -->
      </step><!-- duration: 458ms -->
    </step><!-- duration: 520ms -->
    <step title="Outgoing response" date="2026-01-20T14:49:08.349" type="response" statusCode="202" statusText="Accepted" /><!-- duration: 5ms -->
  </step><!-- duration: 930ms -->
