<step title="Incoming Request" date="2026-01-18T01:17:59.900" instance="644818" url="/api/deployments/latest?deployer=OneDeploy&amp;time=2026-01-18_01-16-31Z" method="GET" type="request" pid="768,1,50" Host="investigates-api.scm.azurewebsites.net" User-Agent="GITHUBACTIONS_DeployWebAppToAzure_632f2cf547ba8128d59e8a35d428f54ef36444e6743a1a4062ffdade880fce24" Authorization="Bea..." Content-Type="application/json; charset=utf-8" Cookie="ARRAffinity=644818c0f7c6fe162cbfe986d6c3c34895ec19cbc74b8c6af9740bc1790bb1fe;Path=/;HttpOnly;Secure;Domain=investigates-api.scm.azurewebsites.net; ARRAffinitySameSite=644818c0f7c6fe162cbfe986d6c3c34895ec19cbc74b8c6af9740bc1790bb1fe;Path=/;HttpOnly;SameSite=None;Secure;Domain=investigates-api.scm.azurewebsites.net" Content-Length="0" X-ARR-LOG-ID="0a7c02ce-95ad-456e-8acf-d034799ea5bb" CLIENT-IP="172.183.91.161:55312" X-SITE-DEPLOYMENT-ID="investigates-api" WAS-DEFAULT-HOSTNAME="investigates-api.scm.azurewebsites.net" X-Forwarded-Proto="https" X-AppService-Proto="https" X-Forwarded-TlsVersion="1.3" X-WAWS-Unencoded-URL="/api/deployments/latest?deployer=OneDeploy&amp;time=2026-01-18_01-16-31Z" X-Client-IP="172.183.91.161" X-Client-Port="55312" >
  <step title="Cleanup Xml Logs" date="2026-01-18T01:17:59.911" >
    <step title="Cleanup Infos" date="2026-01-18T01:17:59.950" totalFiles="227" totalCleanup="67" /><!-- duration: 13ms -->
  </step><!-- duration: 80ms -->
  <step title="DeploymentService.GetResult" date="2026-01-18T01:18:00.040" >
    <step title="DeploymentService.GetLatestDeployment" date="2026-01-18T01:18:00.060" >
      <step title="DeploymentManager.GetResults" date="2026-01-18T01:18:00.072" /><!-- duration: 1074ms -->
    </step><!-- duration: 1108ms -->
  </step><!-- duration: 1146ms -->
  <step title="Outgoing response" date="2026-01-18T01:18:01.197" type="response" statusCode="202" statusText="Accepted" /><!-- duration: 12ms -->
</step><!-- duration: 1319ms -->
