﻿<?xml version="1.0" encoding="utf-8"?>
<deployment>
  <id>b956edf3-cd87-420d-8d15-1c8bb59507ad</id>
  <author>N/A</author>
  <deployer>OneDeploy</deployer>
  <authorEmail>N/A</authorEmail>
  <message>OneDeploy</message>
  <progress></progress>
  <status>Success</status>
  <statusText></statusText>
  <lastSuccessEndTime>2026-01-18T15:17:19.604622Z</lastSuccessEndTime>
  <receivedTime>2026-01-18T15:15:28.0461232Z</receivedTime>
  <startTime>2026-01-18T15:15:29.4683438Z</startTime>
  <endTime>2026-01-18T15:17:19.604622Z</endTime>
  <complete>True</complete>
  <is_temp>False</is_temp>
  <is_readonly>True</is_readonly>
  <buildSummary />
</deployment>