﻿<?xml version="1.0" encoding="utf-8"?>
<deployment>
  <id>aa218cbf-650d-4b9d-9188-31642fc00db0</id>
  <author>N/A</author>
  <deployer>OneDeploy</deployer>
  <authorEmail>N/A</authorEmail>
  <message>OneDeploy</message>
  <progress></progress>
  <status>Success</status>
  <statusText></statusText>
  <lastSuccessEndTime>2026-01-08T15:38:42.7262406Z</lastSuccessEndTime>
  <receivedTime>2026-01-08T15:36:41.0536133Z</receivedTime>
  <startTime>2026-01-08T15:36:42.4186494Z</startTime>
  <endTime>2026-01-08T15:38:42.7262406Z</endTime>
  <complete>True</complete>
  <is_temp>False</is_temp>
  <is_readonly>True</is_readonly>
  <buildSummary />
</deployment>