﻿<?xml version="1.0" encoding="utf-8"?>
<deployment>
  <id>0766719e-07b8-4bb5-b397-57ae671c32be</id>
  <author>N/A</author>
  <deployer>OneDeploy</deployer>
  <authorEmail>N/A</authorEmail>
  <message>OneDeploy</message>
  <progress></progress>
  <status>Success</status>
  <statusText></statusText>
  <lastSuccessEndTime>2026-01-17T12:56:01.6934576Z</lastSuccessEndTime>
  <receivedTime>2026-01-17T12:54:23.2579056Z</receivedTime>
  <startTime>2026-01-17T12:54:24.6726577Z</startTime>
  <endTime>2026-01-17T12:56:01.6934576Z</endTime>
  <complete>True</complete>
  <is_temp>False</is_temp>
  <is_readonly>True</is_readonly>
  <buildSummary />
</deployment>