﻿<?xml version="1.0" encoding="utf-8"?>
<deployment>
  <id>967f480e-2f71-4a01-9183-7c0a36a5fd6e</id>
  <author>N/A</author>
  <deployer>OneDeploy</deployer>
  <authorEmail>N/A</authorEmail>
  <message>OneDeploy</message>
  <progress></progress>
  <status>Success</status>
  <statusText></statusText>
  <lastSuccessEndTime>2026-01-24T10:51:25.2620716Z</lastSuccessEndTime>
  <receivedTime>2026-01-24T10:49:34.3205942Z</receivedTime>
  <startTime>2026-01-24T10:49:35.7562563Z</startTime>
  <endTime>2026-01-24T10:51:25.2620716Z</endTime>
  <complete>True</complete>
  <is_temp>False</is_temp>
  <is_readonly>True</is_readonly>
  <buildSummary />
</deployment>