﻿<?xml version="1.0" encoding="utf-8"?>
<deployment>
  <id>119e2d65-b9da-48f7-be6c-8c08572e2c5a</id>
  <author>N/A</author>
  <deployer>OneDeploy</deployer>
  <authorEmail>N/A</authorEmail>
  <message>OneDeploy</message>
  <progress></progress>
  <status>Success</status>
  <statusText></statusText>
  <lastSuccessEndTime>2026-01-24T09:17:54.2520384Z</lastSuccessEndTime>
  <receivedTime>2026-01-24T09:15:33.134037Z</receivedTime>
  <startTime>2026-01-24T09:15:34.7838453Z</startTime>
  <endTime>2026-01-24T09:17:54.2520384Z</endTime>
  <complete>True</complete>
  <is_temp>False</is_temp>
  <is_readonly>True</is_readonly>
  <buildSummary />
</deployment>